bin_01,bin_02,bin_03,bin_04,bin_05,bin_06,bin_07,bin_08,bin_09,bin_10,bin_11,bin_12,bin_13,bin_14,bin_15,bin_16,bin_17,bin_18,bin_19,bin_20,bin_21,bin_22,bin_23,bin_24,bin_25,bin_26,bin_27,bin_28,bin_29,bin_30,bin_31,bin_32,bin_33,bin_34,bin_35,bin_36
94,46,50,42,45,37,24,14,13,18,4,11,9,1,12,3,4,7,8,4,1,10,4,6,3,5,9,16,12,18,18,16,28,36,48,108
223,70,45,23,18,28,16,9,4,22,3,2,1,3,5,2,1,0,8,1,0,3,2,6,6,6,8,33,16,9,32,18,20,34,59,48
91,70,89,70,63,41,42,20,11,17,5,10,9,3,5,4,4,3,5,3,6,2,4,5,5,4,4,13,7,2,13,17,22,40,42,33
265,70,54,27,19,13,11,7,4,22,6,6,8,4,2,1,2,1,12,1,1,4,4,1,4,4,1,17,7,7,4,17,23,30,52,73
134,53,33,33,11,20,18,8,9,15,6,3,7,2,3,3,4,7,4,5,3,7,5,7,6,3,8,21,23,32,46,54,46,47,52,46
112,65,29,19,15,12,12,9,3,6,4,4,6,4,6,6,2,1,9,3,5,2,5,10,3,6,7,19,13,19,28,40,56,63,82,99
94,28,26,25,26,11,15,11,8,15,13,10,9,5,6,6,3,0,4,4,7,6,3,6,14,10,18,26,28,24,33,31,47,41,55,116
101,45,46,18,24,14,19,13,7,14,9,9,6,7,8,1,6,1,8,10,8,8,5,7,8,12,12,20,25,28,27,32,35,43,90,58
132,83,62,53,21,21,13,11,7,18,10,12,6,4,5,2,6,3,20,3,1,9,1,6,8,5,5,20,13,13,22,26,30,44,42,47
150,44,52,51,31,24,20,10,5,19,8,7,3,3,5,1,1,1,8,3,4,5,5,3,8,13,6,18,16,25,28,18,30,50,56,53
136,64,49,51,29,27,30,21,7,19,8,5,3,3,3,2,3,1,5,0,6,6,1,5,3,3,6,13,8,12,24,30,39,51,54,57
237,50,32,37,26,19,18,11,4,11,5,3,2,3,5,3,1,1,14,2,1,1,3,3,4,4,5,14,6,15,19,20,37,46,48,74
197,42,42,37,32,22,17,9,15,17,5,8,5,3,5,6,0,2,4,0,2,6,4,2,7,8,6,21,8,15,19,31,30,32,58,67
305,32,22,32,27,30,16,10,9,9,13,2,5,5,1,1,4,3,2,6,2,5,5,2,4,6,4,17,13,19,19,16,18,20,30,70
187,47,31,23,12,23,9,5,11,6,5,5,11,4,8,5,7,6,5,7,6,8,5,7,9,9,6,14,15,14,19,18,39,45,85,68
119,42,29,28,12,27,10,8,14,16,5,20,17,3,7,3,9,10,14,0,2,10,2,19,15,3,3,31,9,16,28,24,49,61,52,67
85,34,47,32,26,24,17,22,11,26,13,10,15,9,11,9,6,9,9,11,10,20,4,18,15,13,8,20,12,21,22,25,25,36,51,58
161,102,77,45,33,30,19,7,9,5,8,4,8,4,6,5,4,1,1,7,2,2,3,5,6,7,7,11,7,12,8,18,24,37,51,48
66,39,26,25,20,13,12,16,8,13,7,3,12,0,4,4,8,7,34,11,7,11,8,6,4,11,9,14,16,21,40,37,51,55,104,62
186,56,42,24,17,16,8,7,8,15,8,9,7,5,6,5,0,3,8,1,2,4,3,6,6,5,4,8,11,13,25,26,26,53,60,101
181,65,45,33,24,19,12,13,9,18,6,4,5,0,5,4,2,3,6,1,1,7,1,6,8,7,5,23,6,13,29,23,35,53,55,57
186,48,32,30,10,11,14,10,8,12,3,7,7,4,7,7,0,16,17,1,5,1,4,4,4,5,3,14,5,18,22,22,43,42,91,71
140,67,28,35,30,18,28,29,27,32,13,13,17,4,2,5,3,6,12,3,5,5,6,7,5,8,9,23,17,22,20,32,29,34,28,22
202,68,52,21,20,19,8,10,2,20,5,4,3,7,6,3,5,3,3,1,1,9,1,11,5,10,1,24,11,13,18,32,33,44,47,62
74,53,51,42,46,25,27,15,18,24,12,13,8,9,6,5,8,3,7,6,7,6,8,10,13,7,12,17,17,16,17,22,20,36,44,80
51,111,50,55,63,49,37,24,18,29,14,18,10,8,12,12,6,2,13,8,6,9,6,11,7,10,4,21,9,11,10,13,20,20,14,23
171,71,28,26,18,17,11,4,7,12,4,2,3,1,5,1,2,3,5,0,1,0,1,0,4,4,10,19,11,10,20,30,29,37,88,129
195,21,34,22,16,20,18,18,4,22,10,11,3,3,7,9,8,2,13,7,6,9,8,11,6,13,12,33,16,17,23,21,28,30,54,54
141,56,47,43,19,17,11,11,10,11,5,6,9,1,8,1,0,2,7,0,4,4,1,6,3,5,5,18,6,12,20,26,41,53,73,102
181,56,33,28,21,8,7,7,3,6,4,1,4,5,1,4,4,0,3,4,6,7,2,8,7,10,4,11,13,18,23,17,43,37,61,137
163,57,30,35,22,18,11,12,5,13,8,4,10,6,12,2,5,6,6,9,6,10,9,4,6,3,10,16,5,16,19,28,41,43,66,68
96,85,97,52,38,33,22,27,13,25,5,8,6,5,3,6,0,4,24,4,6,3,8,5,3,7,3,17,7,11,14,17,21,21,35,53
181,76,53,42,16,16,12,6,6,11,8,6,5,2,9,5,7,12,8,4,5,10,4,8,3,5,6,14,4,6,17,14,33,43,56,71
217,50,50,35,20,17,14,8,2,13,6,2,6,3,4,1,0,3,18,2,3,2,1,8,2,6,9,9,8,14,16,28,39,64,64,40
109,92,65,41,43,35,20,14,9,17,13,12,14,5,3,7,6,5,6,8,9,4,7,8,5,2,6,17,9,14,21,19,26,29,34,50
92,27,23,16,10,12,6,8,4,11,2,7,5,7,3,7,3,4,5,2,9,14,4,8,9,8,8,25,28,56,59,49,47,52,81,73
127,52,27,33,43,35,30,19,30,12,15,12,6,7,6,4,5,14,18,4,0,4,3,8,8,7,11,18,16,19,14,23,35,43,36,40
66,46,36,46,41,40,28,16,17,10,10,8,3,10,3,3,7,7,4,8,4,6,4,6,5,12,10,26,19,30,52,40,33,48,40,40
161,41,15,12,18,7,4,6,7,17,3,8,6,2,13,8,6,9,24,6,8,7,1,6,6,11,8,22,11,13,28,42,51,49,82,66
48,36,29,33,19,14,10,10,9,10,2,5,3,2,1,3,2,2,6,1,1,10,5,10,8,16,17,28,33,37,47,57,60,99,66,45
164,78,44,32,17,13,7,10,6,8,5,6,6,3,9,5,4,2,4,6,3,3,3,5,4,6,7,17,16,18,23,35,45,49,63,58
268,50,39,27,23,13,7,7,3,12,2,4,5,1,3,5,3,1,17,4,4,4,7,7,14,1,3,16,7,14,17,22,26,35,32,81
58,34,24,35,24,22,18,18,9,14,11,13,7,15,10,4,12,7,11,6,8,5,9,13,9,16,13,24,13,16,21,28,35,35,69,118
112,69,48,36,34,38,20,14,17,15,5,5,4,7,8,3,7,6,17,3,3,13,7,6,4,1,12,21,11,21,13,29,46,38,38,53
165,66,58,60,52,38,21,10,8,12,8,4,6,6,5,4,3,8,7,2,3,5,2,7,5,8,7,16,7,14,13,16,17,29,26,66
291,63,46,40,38,19,6,4,13,10,4,2,3,1,5,3,4,3,8,3,2,0,3,3,4,3,3,20,5,11,15,15,22,24,43,45
198,69,74,38,26,15,12,9,10,15,5,4,4,3,4,4,2,3,3,2,5,4,5,1,3,6,5,7,6,18,21,28,32,42,40,61
122,62,28,34,25,24,13,14,10,14,7,6,6,5,7,1,5,2,5,2,4,6,4,9,6,7,5,22,16,15,24,22,29,30,53,140
140,54,32,28,29,26,24,10,9,13,4,4,5,2,6,5,2,13,7,2,6,10,2,4,6,10,17,31,10,20,25,30,30,46,76,46
133,58,57,44,31,28,10,9,7,13,4,2,6,4,9,0,3,16,20,2,1,5,2,6,8,3,9,14,15,9,10,28,36,42,73,67
171,48,45,44,23,34,21,17,11,19,3,9,12,3,4,3,4,1,16,8,4,5,2,7,4,4,4,42,7,9,13,21,39,12,30,85
117,42,35,30,19,25,13,8,11,22,9,10,10,7,10,10,6,8,5,5,1,10,6,15,7,9,21,19,6,17,21,15,35,39,96,65
83,44,43,38,11,20,26,11,21,14,6,6,8,6,10,13,7,8,15,9,4,14,4,6,8,13,9,19,22,22,31,30,35,49,59,60
86,60,49,26,21,18,19,9,5,10,3,8,4,4,4,3,2,8,10,4,1,14,4,2,2,3,6,17,10,13,19,28,30,39,81,162
154,38,36,28,23,24,11,11,9,13,3,6,5,4,9,1,3,5,9,2,2,4,3,4,9,7,5,18,14,9,33,31,29,52,69,101
111,21,27,39,20,16,12,13,8,28,6,9,7,7,10,4,5,2,2,3,5,10,6,8,17,9,17,53,39,36,44,35,44,38,41,32
108,34,27,28,25,20,15,7,18,19,16,16,7,7,11,8,7,5,5,5,8,7,6,7,11,7,13,16,15,23,43,46,44,51,64,35
225,60,59,38,30,13,18,15,3,9,0,5,1,3,5,1,3,1,18,7,2,4,2,3,3,3,2,21,5,6,13,17,28,43,59,59
210,42,44,35,25,18,25,8,16,17,5,4,7,4,5,3,2,5,11,4,8,4,3,5,9,2,5,8,11,11,19,23,41,37,47,61
95,70,35,32,16,19,14,13,11,11,7,9,6,4,4,6,5,6,2,7,6,6,5,6,7,12,10,23,12,18,29,24,37,60,87,70
76,62,43,43,48,38,24,19,13,22,10,5,5,6,3,7,4,3,5,2,2,2,5,2,5,3,4,10,6,9,17,29,30,44,49,129
182,34,33,32,24,33,15,15,8,18,16,5,6,4,9,2,5,1,7,2,3,11,9,5,4,11,10,23,10,17,23,29,34,57,44,43
118,43,40,41,19,19,21,17,5,20,3,3,4,4,4,4,3,1,26,2,2,2,2,3,4,12,11,17,9,22,27,26,49,48,49,104
72,59,52,51,44,37,17,19,13,17,11,5,9,7,9,8,6,5,11,3,5,6,5,12,12,10,10,25,12,23,37,25,29,35,40,43
71,34,21,27,29,37,25,25,31,23,12,14,11,7,15,9,10,17,15,5,2,6,6,14,7,17,9,33,21,18,31,33,29,41,42,37
159,49,39,24,29,17,14,15,8,12,5,5,2,10,6,5,6,5,6,5,8,10,8,11,7,11,11,24,12,24,42,39,36,34,42,44
178,60,53,62,41,33,27,15,17,13,10,5,5,2,1,5,2,1,6,2,4,2,2,8,4,2,7,13,17,22,23,25,26,28,30,33
184,41,52,36,13,23,13,11,6,10,5,6,5,4,4,5,3,3,4,3,6,8,5,5,6,5,8,14,14,15,16,21,47,52,67,64
111,42,35,40,27,38,17,24,7,28,8,7,7,5,5,4,2,4,7,7,4,10,3,9,20,10,8,31,15,12,23,31,42,42,48,51
102,47,37,37,25,14,12,8,1,15,5,1,11,3,6,4,2,2,14,4,2,8,2,6,9,7,5,24,16,28,29,41,53,72,67,65
230,49,53,42,22,17,12,11,2,6,7,6,4,2,3,1,1,2,6,4,4,4,2,3,2,2,2,17,15,9,15,12,33,52,58,74
88,83,71,69,54,58,43,21,20,25,11,5,15,9,4,3,2,1,3,5,2,3,1,5,5,4,3,11,5,12,13,13,16,26,33,42
194,60,45,33,24,15,14,3,6,7,4,1,2,5,1,2,4,3,3,1,5,6,4,2,3,11,9,16,15,21,31,29,40,48,53,64
152,49,64,56,35,35,22,20,10,56,9,7,17,5,12,7,5,3,21,4,5,4,5,9,4,5,2,25,2,12,20,19,13,35,13,22
135,49,41,33,11,17,13,13,12,13,7,5,11,5,4,5,9,6,9,8,4,8,6,10,8,3,2,8,11,11,16,20,36,56,89,90
85,46,41,26,21,14,16,11,5,13,7,5,3,4,4,2,6,6,13,2,8,14,4,4,4,4,7,23,16,13,24,29,42,55,56,151
160,48,32,20,21,14,19,15,8,8,9,4,4,2,5,4,4,4,1,0,2,2,4,5,4,3,4,12,7,8,20,25,21,35,78,172
173,76,51,29,13,11,8,12,3,7,3,3,4,2,4,1,1,1,3,1,1,1,1,0,3,2,6,2,6,8,11,7,23,52,112,143
67,42,32,20,20,15,7,7,5,10,2,2,6,2,5,4,3,2,8,5,5,8,3,10,7,8,16,23,20,27,41,55,73,94,77,53
180,38,31,27,18,22,16,18,7,23,11,7,14,2,7,4,1,2,16,5,3,4,3,7,6,5,6,21,10,18,21,20,22,44,65,80
192,74,40,23,19,17,16,7,13,7,6,3,7,10,3,7,3,4,4,4,2,16,5,6,6,7,10,12,10,15,7,18,27,40,61,83
189,108,63,50,28,22,12,13,4,13,7,6,6,6,14,7,9,14,7,6,1,5,5,9,5,7,2,1,6,6,17,19,12,23,39,43
114,62,41,46,30,38,40,28,24,42,15,20,12,10,7,5,5,8,10,7,7,9,6,6,6,10,3,20,5,10,23,22,17,19,29,28
61,53,33,31,22,25,20,23,27,17,13,15,12,20,9,6,6,10,7,8,10,6,16,15,13,15,11,18,17,26,25,16,35,40,56,47
144,62,36,29,15,15,10,9,6,25,5,9,6,8,9,9,11,10,21,6,7,6,5,4,8,3,6,23,11,14,15,23,28,43,64,79
87,36,28,17,14,9,6,3,5,4,1,6,3,4,2,1,4,3,5,5,5,3,5,2,5,3,3,21,13,15,35,35,66,89,112,129
207,45,39,28,20,29,16,10,11,11,6,13,13,7,7,4,5,8,5,1,9,11,6,10,3,8,7,16,13,14,23,22,18,47,48,44
153,22,14,14,14,12,11,7,4,11,6,9,5,8,4,8,8,3,10,5,8,9,10,14,20,17,16,33,28,34,43,48,56,40,40,40
111,56,44,42,41,26,29,34,23,24,14,15,9,6,7,5,7,3,21,7,9,6,9,10,3,5,15,17,10,13,16,16,25,29,29,48
117,72,44,25,26,13,10,11,13,8,8,6,6,5,9,9,7,3,11,3,3,6,8,9,7,4,14,14,13,16,19,13,48,54,76,74
232,107,51,39,19,16,10,7,8,15,2,2,7,3,9,9,7,19,9,9,5,6,3,4,4,3,6,12,6,12,12,13,15,19,38,46
170,48,23,21,19,10,9,8,11,18,7,5,6,1,4,5,4,5,10,7,4,9,8,2,4,10,8,19,12,19,27,29,44,75,58,65
56,27,21,32,21,31,33,20,25,26,12,10,12,7,17,15,11,13,7,13,17,12,17,10,19,14,24,24,31,30,32,32,24,32,23,34
228,43,27,15,12,13,11,7,3,19,1,6,5,4,4,4,1,5,8,3,10,13,6,14,7,9,11,20,17,24,15,35,46,37,48,53
125,93,83,58,37,32,22,13,2,28,9,8,13,5,9,6,6,1,3,4,2,6,1,6,2,6,1,20,7,21,15,10,23,25,43,39
147,46,39,39,19,23,12,14,12,19,11,6,3,3,4,4,1,4,14,4,4,7,3,10,3,4,9,12,8,23,21,30,47,49,62,68
158,18,26,16,10,6,16,8,3,27,12,5,6,4,6,5,5,1,15,4,5,10,3,4,8,7,4,33,21,22,38,57,50,62,68,41
68,33,20,19,10,19,8,8,4,8,3,7,3,5,9,7,1,3,5,4,2,6,4,9,12,12,9,31,16,32,40,49,52,101,99,66
131,55,44,42,27,16,17,16,6,17,7,4,5,7,4,4,9,2,9,4,7,3,8,4,4,7,6,17,5,13,14,22,28,48,80,92
156,24,23,15,13,6,7,3,2,15,7,3,11,10,6,5,13,6,28,8,7,6,7,5,11,9,11,22,13,20,24,31,31,42,88,96
127,60,39,32,21,11,9,7,8,10,1,8,2,3,2,3,2,1,0,1,2,3,1,6,0,4,4,8,8,11,20,19,38,44,83,186
216,80,70,61,38,34,15,12,5,12,2,3,4,4,5,3,1,1,8,1,3,2,1,7,6,8,6,9,5,6,11,14,12,31,42,46
124,103,68,56,35,22,19,16,7,19,5,11,11,7,6,14,14,8,13,2,3,2,4,4,17,6,2,9,10,8,15,12,26,38,29,39
101,45,28,24,13,13,7,10,11,16,8,16,14,12,9,14,13,19,15,9,9,7,6,5,6,10,6,25,15,15,28,20,50,57,71,57
123,39,36,22,15,23,16,7,8,31,4,6,13,6,5,11,3,1,23,4,11,7,6,9,9,4,5,26,13,19,28,35,52,42,47,75
159,65,76,50,20,16,14,12,9,16,10,5,13,3,5,1,6,8,6,5,2,5,5,2,0,4,10,12,9,17,18,20,26,42,41,72
116,63,34,30,15,13,15,13,4,12,9,11,12,2,8,2,5,5,22,4,7,6,2,5,7,6,9,13,16,22,17,24,38,51,76,90
153,38,33,28,36,24,26,13,7,23,8,9,3,3,4,5,5,3,11,3,7,7,5,7,5,7,4,28,18,15,36,44,35,38,41,52
134,96,56,30,31,22,21,19,6,20,12,6,10,11,4,7,3,30,22,5,6,8,3,13,5,8,3,11,8,15,12,14,12,35,28,58
147,55,36,37,26,11,8,7,0,44,3,6,2,2,12,2,0,2,14,1,0,4,4,6,4,3,3,36,8,18,19,35,33,48,60,88
184,35,22,31,21,16,18,14,9,23,9,12,17,12,10,5,10,4,13,11,6,14,12,9,12,8,6,24,10,14,22,25,34,33,45,34
53,60,79,59,40,38,30,21,9,20,7,8,14,9,11,7,12,15,5,1,7,7,5,2,7,4,8,15,6,14,16,23,32,38,47,55
177,23,6,12,7,10,1,3,4,11,4,2,4,4,9,1,3,1,18,7,2,11,0,4,4,3,6,16,13,21,25,47,59,105,107,54
119,35,28,28,15,13,8,8,9,10,7,9,10,7,6,14,7,9,15,4,8,4,7,11,6,10,11,17,14,27,31,25,62,70,71,49
145,53,23,23,10,12,17,6,9,17,4,5,3,3,5,5,4,7,12,6,7,5,4,4,2,5,5,11,11,16,19,25,31,60,133,77
175,72,55,34,25,25,21,9,9,15,10,6,8,7,6,3,8,2,4,6,5,8,6,5,3,10,8,12,6,7,17,21,32,28,57,59
69,45,35,32,13,21,10,10,5,9,9,2,10,5,8,5,5,5,7,7,11,10,3,7,8,6,12,14,12,24,25,49,61,71,81,78
109,109,49,29,26,23,12,10,9,12,5,10,4,7,9,8,6,5,11,20,5,9,6,4,4,4,3,15,12,17,18,22,38,50,50,54
136,94,50,30,28,31,13,17,7,25,8,7,8,4,3,5,4,1,14,5,1,5,4,6,5,3,4,23,7,14,16,19,26,38,66,57
58,45,71,62,45,58,45,27,24,29,14,9,10,3,4,5,2,9,2,3,5,5,3,9,7,13,3,14,10,19,18,20,22,27,47,37
83,34,32,29,11,15,8,8,5,11,8,5,5,4,7,2,2,9,23,6,6,8,5,7,4,4,14,21,19,13,37,46,51,75,107,60
199,62,31,20,12,12,7,6,3,9,2,5,6,3,4,2,2,3,6,5,0,10,3,6,7,4,7,11,6,5,8,15,30,43,67,163
155,22,15,24,23,22,15,24,16,24,13,12,13,8,11,10,2,3,9,6,9,10,6,11,18,16,16,34,30,39,38,29,30,19,32,20
153,35,33,26,23,14,11,5,8,16,8,7,6,6,4,8,3,4,14,6,6,6,8,12,16,8,5,21,17,11,21,36,44,40,66,77
158,88,67,53,34,30,21,17,23,15,4,4,5,4,13,5,9,13,10,3,6,3,5,8,3,2,2,12,7,6,13,7,12,23,42,57
172,64,45,40,32,25,20,10,3,25,7,10,10,7,9,6,5,2,19,3,5,13,5,3,9,2,0,16,10,10,19,14,15,32,48,69
66,100,35,32,23,27,8,11,6,11,4,3,6,3,5,7,7,3,15,5,6,8,4,4,5,6,11,20,15,29,22,36,40,64,65,72
135,29,26,19,10,11,9,6,5,10,5,4,6,9,1,5,5,1,21,6,10,10,9,11,6,20,18,30,23,17,39,38,57,57,71,45
140,21,21,14,9,18,11,14,4,21,14,8,16,5,11,9,7,1,14,5,4,5,5,9,6,8,4,27,26,35,41,37,45,64,70,35
245,55,40,35,25,17,17,16,3,14,8,7,12,8,8,8,12,7,42,3,6,3,3,4,10,3,3,8,9,5,9,16,18,26,31,48
133,70,80,49,47,38,22,27,21,13,13,6,16,3,5,7,5,2,6,3,3,6,1,5,4,4,6,15,4,11,14,12,21,43,36,33
209,51,27,14,10,9,5,7,5,7,6,2,4,3,5,5,5,3,8,1,1,4,2,6,4,3,0,10,10,17,28,31,53,67,78,84
129,102,92,50,23,30,17,9,8,13,6,9,6,11,3,4,6,11,16,10,4,3,1,9,10,7,5,11,18,12,16,20,20,18,37,38
90,81,64,59,49,35,42,28,14,28,14,11,7,9,4,9,3,2,10,1,3,9,3,5,3,8,3,16,5,6,17,18,23,23,42,40
313,53,40,30,22,19,11,6,7,6,6,6,4,4,5,4,3,6,6,5,3,4,5,4,9,6,7,10,6,13,14,9,16,32,43,47
81,106,62,30,30,23,11,19,13,19,9,16,10,5,9,9,6,11,27,4,7,14,6,8,13,6,3,28,18,17,24,17,23,24,38,38
55,37,51,53,36,31,16,7,7,14,7,8,3,5,6,9,4,3,7,6,5,8,3,10,6,7,8,22,22,35,31,40,52,43,35,92
70,48,30,31,28,24,14,14,5,24,9,9,11,6,7,8,11,2,20,5,9,6,13,13,9,12,10,26,17,23,30,36,36,50,66,52
102,44,42,51,36,32,24,10,20,36,9,10,5,4,7,12,5,5,16,5,7,7,8,9,8,5,5,22,7,16,16,22,30,48,53,46
73,47,39,28,16,16,19,16,9,10,8,7,8,5,15,8,9,10,9,6,11,10,11,15,8,9,13,20,19,18,17,23,30,65,79,78
85,41,35,25,13,18,14,12,9,14,8,7,4,7,9,7,5,3,4,4,9,11,7,11,9,5,12,14,15,12,29,36,46,69,108,67
79,83,71,56,38,26,23,10,20,10,5,8,6,7,7,10,6,5,14,8,5,5,9,11,7,5,4,17,10,15,21,30,26,24,49,54
174,53,43,31,20,19,16,2,5,11,6,7,7,2,5,5,6,5,9,5,3,7,2,12,6,3,6,23,8,11,20,19,35,35,67,96
52,42,31,31,20,25,21,16,12,23,11,17,13,17,9,21,21,24,17,9,15,13,12,7,10,8,8,22,13,23,22,21,30,28,85,35
88,26,39,31,20,14,10,15,11,12,12,3,12,11,9,4,8,8,7,11,8,7,7,11,14,23,16,21,17,31,38,45,55,50,47,43
111,26,26,33,17,14,9,13,6,14,13,7,13,16,15,17,12,8,36,6,8,6,9,6,7,10,6,21,21,32,42,42,40,45,32,45
155,44,34,33,23,22,22,14,9,26,14,17,6,3,6,6,6,3,10,3,4,6,3,3,5,4,8,13,12,10,24,30,38,47,69,52
160,61,35,22,18,6,16,6,6,8,6,5,8,5,4,2,8,2,7,2,7,12,10,4,11,2,18,22,23,28,24,48,46,50,50,42
135,64,50,39,22,22,12,12,9,16,7,6,5,3,6,4,9,35,49,16,11,6,3,4,5,4,4,12,6,5,14,10,26,44,56,53
87,27,28,25,21,22,16,23,6,16,10,6,6,3,6,6,11,25,55,6,7,7,6,9,9,9,6,18,22,19,16,24,44,47,81,55
96,43,31,34,34,25,33,29,8,34,14,16,15,7,15,19,14,10,20,7,8,7,4,11,9,4,13,15,18,20,20,21,25,39,34,32
147,69,71,74,60,51,25,25,10,15,9,5,7,4,4,2,4,3,13,6,1,2,3,3,0,8,2,9,9,15,7,18,22,21,26,34
31,19,27,23,23,28,14,7,17,22,7,14,14,7,8,11,15,17,29,21,15,20,12,10,17,13,20,42,15,34,35,36,51,53,40,17
140,99,70,55,28,15,23,16,12,11,7,9,6,7,5,7,6,4,5,4,3,3,3,9,8,5,10,14,9,11,19,13,29,26,44,49
138,19,12,13,5,12,5,10,6,9,5,3,2,3,2,2,1,2,7,6,4,3,5,8,4,8,5,23,17,19,26,38,59,99,138,66
152,88,76,55,26,24,20,10,10,20,3,4,3,2,6,2,1,4,17,4,4,5,2,5,5,4,3,10,4,10,7,11,18,26,28,115
51,74,51,58,31,37,36,35,29,36,9,13,15,8,13,8,3,3,12,4,2,8,1,4,8,10,1,13,11,12,13,22,24,36,53,40
49,37,28,41,29,27,27,21,24,28,19,11,22,15,19,23,16,38,52,10,11,9,9,12,15,7,8,18,11,7,12,22,28,27,31,21
223,44,30,32,13,12,16,5,8,22,8,5,8,3,13,4,6,6,13,2,4,4,2,7,6,10,9,10,6,11,13,21,31,51,58,68
103,35,43,40,32,31,21,25,12,23,10,6,8,1,4,6,6,4,11,7,5,9,4,10,14,20,28,32,17,24,28,30,30,26,49,30
196,88,61,46,39,21,20,6,8,15,3,4,3,0,6,3,4,2,8,0,4,3,1,7,5,1,1,13,5,12,22,11,36,26,47,57
190,43,40,27,17,10,9,5,2,11,6,1,2,0,3,4,2,3,13,1,3,5,1,1,1,1,0,11,3,9,12,20,32,53,72,171
91,55,57,43,17,21,10,17,20,10,7,9,8,9,8,6,5,1,10,6,7,7,6,3,16,5,7,26,18,18,22,20,38,45,71,65
240,76,39,14,15,9,3,10,1,13,4,5,4,2,2,4,2,4,5,6,5,4,3,4,5,5,5,13,7,17,16,33,51,47,67,44
212,51,31,22,14,8,2,4,4,5,2,1,1,1,1,2,0,3,3,1,2,2,0,4,3,4,4,9,11,8,18,21,55,71,119,85
174,31,20,23,11,9,3,4,1,8,4,1,6,5,2,5,2,4,2,1,3,4,2,5,7,9,3,13,13,20,24,32,55,99,105,74
211,81,45,28,14,13,8,4,8,2,4,4,4,0,3,2,2,7,1,3,0,5,2,4,2,2,4,14,5,10,9,17,32,49,96,89
187,53,40,26,14,15,6,5,3,16,8,3,4,2,3,4,2,4,4,6,4,6,5,10,3,7,7,30,11,14,16,26,43,60,66,71
270,84,50,39,18,11,12,11,2,6,5,2,1,1,1,1,0,0,2,0,2,1,0,2,0,5,5,8,4,6,13,18,30,45,65,64
127,60,32,23,12,19,12,7,2,15,5,2,7,4,11,0,4,1,5,6,5,3,2,6,7,4,14,10,9,21,18,15,37,45,75,159
240,52,38,34,34,21,24,10,6,6,4,3,4,0,4,1,1,0,5,2,0,4,1,3,5,2,1,17,2,10,19,26,35,40,78,52
117,68,66,41,27,18,17,10,15,18,5,8,9,2,3,6,5,3,12,2,3,10,3,11,5,4,6,22,10,10,22,18,29,41,58,80
98,75,54,22,24,24,16,8,12,8,6,11,12,5,12,6,5,8,8,9,8,10,3,5,11,6,9,19,7,20,25,26,40,48,65,59
141,139,46,51,29,29,12,7,11,32,2,4,9,1,8,4,3,0,5,2,4,2,2,5,4,2,5,13,9,6,13,14,26,33,43,68
107,69,55,32,25,21,23,12,6,17,9,6,10,3,14,5,9,11,6,6,6,6,10,5,8,9,6,19,13,20,22,21,40,54,59,40
211,80,66,40,22,20,10,7,15,22,2,12,4,5,6,0,5,2,12,2,4,4,2,8,6,3,9,17,6,4,14,10,23,33,42,56
182,33,18,18,12,17,12,4,4,15,5,4,7,4,6,4,3,3,8,4,5,5,1,4,8,1,5,19,12,15,29,26,52,48,54,137
238,43,36,24,9,5,16,6,7,10,7,4,4,2,8,7,3,0,3,5,2,3,3,7,3,9,6,15,9,13,14,11,32,35,61,124
200,46,38,20,14,22,16,8,7,19,2,2,6,2,7,3,1,4,14,0,1,6,2,0,1,1,5,15,3,7,12,17,37,57,77,112
166,105,73,37,26,21,16,13,7,13,2,6,7,1,9,6,1,5,9,2,1,2,2,6,2,6,4,6,7,10,14,12,39,36,51,61
138,103,72,53,26,23,23,16,8,12,6,4,5,7,7,2,2,7,5,3,2,7,1,1,5,0,7,12,6,11,13,13,15,48,48,73
74,36,15,24,17,22,22,6,7,27,8,6,12,6,6,5,8,4,15,7,4,10,6,6,9,11,7,22,15,21,33,45,66,69,89,44
149,54,36,31,10,13,18,11,2,22,3,8,6,9,8,5,11,1,21,10,9,10,6,11,2,5,2,25,9,14,9,17,23,32,79,103
345,52,30,26,18,6,7,3,6,18,1,1,5,2,6,3,2,2,5,2,3,5,0,3,2,3,1,8,5,1,8,5,17,31,48,104
199,83,54,31,21,18,7,9,8,10,5,3,2,4,0,1,2,5,14,3,3,4,3,4,1,6,6,9,3,7,25,29,38,51,60,56
154,77,32,38,16,24,14,12,7,10,3,6,3,3,2,2,2,4,6,1,2,1,5,5,6,1,4,15,7,15,18,20,32,62,69,106
238,68,48,36,23,18,14,6,6,13,4,5,5,1,5,3,6,7,7,2,2,4,6,2,2,3,3,12,5,3,15,10,18,43,63,78
303,88,76,41,20,17,12,4,2,15,0,1,1,2,4,0,4,0,4,1,1,7,2,0,2,3,4,13,6,4,7,14,19,17,45,45
145,41,32,12,12,10,9,8,5,5,6,2,5,4,2,6,3,3,5,7,4,1,2,4,2,5,4,12,12,14,22,27,53,82,132,86
69,26,13,12,9,5,6,7,6,17,6,6,6,5,8,2,3,8,6,5,11,5,6,8,8,13,7,20,16,23,43,72,106,67,83,71
208,58,33,27,22,11,8,7,11,17,2,2,5,3,3,1,2,1,8,5,1,4,0,3,6,2,1,15,5,10,17,14,26,42,72,132
188,25,22,25,11,10,10,8,6,1,5,3,6,0,2,2,6,2,4,2,6,5,8,8,6,10,11,19,14,19,23,33,54,88,73,69
179,57,30,39,23,18,7,10,9,12,0,4,1,2,3,4,4,1,4,3,4,4,2,7,3,6,9,12,6,13,24,22,37,46,64,115
106,47,36,21,17,14,16,10,6,8,9,5,2,6,5,3,5,5,4,3,3,8,6,5,8,5,11,8,10,12,28,38,43,64,96,111
92,80,135,89,63,45,33,19,19,8,6,7,3,1,7,6,1,1,3,2,4,6,1,2,4,5,3,8,5,4,9,12,13,15,18,55
85,48,35,27,23,16,15,4,6,12,3,2,6,5,6,3,5,1,13,3,4,3,4,7,5,7,3,18,16,9,21,41,54,80,129,65
135,50,30,27,7,10,7,5,8,13,6,8,3,2,5,4,3,5,14,2,2,6,1,4,6,7,14,14,13,23,17,25,46,86,71,105
201,91,55,28,29,12,15,8,8,14,4,6,7,3,7,2,3,4,1,3,2,4,4,3,10,3,5,14,10,16,11,14,14,29,48,96
132,27,23,20,12,9,7,1,2,8,1,1,3,1,3,2,1,16,9,2,0,2,5,6,4,3,6,12,14,29,32,41,72,92,91,95
167,53,42,25,15,18,10,2,7,16,8,2,4,3,5,6,1,2,9,3,2,5,4,0,9,4,8,16,6,21,22,24,45,57,96,67
197,58,31,29,13,14,18,13,0,17,1,4,13,2,3,3,3,2,9,2,2,8,2,11,2,3,2,17,5,23,22,15,16,30,77,117
132,68,51,39,19,19,16,11,12,17,10,11,9,8,6,5,5,4,5,6,6,2,4,3,8,8,9,10,9,13,18,21,38,46,62,74
108,76,52,45,17,19,17,10,8,8,5,2,4,3,6,8,4,9,7,7,2,3,1,4,4,5,5,8,11,12,19,33,46,74,74,68
151,131,75,53,18,23,16,7,12,8,2,2,5,5,3,4,5,5,2,2,1,7,4,2,2,6,3,7,10,5,10,11,26,51,37,73
248,63,38,24,25,22,9,7,5,8,9,4,1,1,3,0,5,1,5,2,0,6,3,6,4,11,7,18,8,14,16,15,28,44,63,61
165,54,42,22,21,15,8,11,2,16,3,10,10,4,9,7,4,0,46,2,8,10,4,12,15,0,0,17,9,10,16,28,37,55,57,55
185,44,34,15,17,11,7,6,2,3,2,6,1,0,1,1,1,1,3,1,1,8,1,4,3,1,6,8,7,8,21,27,53,82,105,108
183,110,78,64,39,20,18,4,11,20,3,5,4,5,9,2,2,0,10,4,4,4,1,2,2,4,6,9,7,10,12,19,22,15,38,38
405,46,25,21,17,11,7,6,5,12,2,2,4,0,4,4,0,4,4,1,0,6,3,4,0,1,3,8,6,13,15,13,20,12,39,61
139,58,42,37,31,20,11,9,17,21,3,10,12,2,11,7,8,3,17,8,3,10,6,10,9,8,4,25,8,10,23,27,33,36,66,40
269,60,41,31,11,14,4,4,4,13,2,1,4,3,6,0,5,7,18,4,1,9,0,11,1,3,5,24,4,7,13,12,22,23,55,93
266,59,51,34,19,24,21,8,4,21,4,4,5,1,6,6,1,1,10,2,2,7,2,1,3,1,1,13,8,6,15,10,28,33,42,65
167,88,76,42,33,21,13,12,13,9,7,5,4,2,3,2,4,3,5,3,4,2,3,1,2,2,8,5,0,7,13,16,29,36,67,77
81,42,50,45,40,35,22,15,10,14,6,6,11,3,8,3,10,7,20,4,3,6,3,12,3,6,4,8,12,19,25,38,45,61,61,46
158,58,65,33,31,20,12,13,9,7,6,4,4,3,2,4,4,7,4,2,2,7,1,6,2,9,16,24,12,11,12,17,43,37,55,84
221,49,35,26,16,17,8,7,0,16,3,2,1,1,3,3,0,0,7,2,3,1,4,3,2,2,2,12,15,14,13,23,37,48,83,105
99,69,43,42,12,19,11,7,8,12,4,7,4,4,7,6,4,11,22,3,3,5,6,7,9,3,7,19,11,11,24,33,39,61,79,73
188,69,40,32,22,16,12,10,5,11,3,5,7,5,5,3,3,5,7,3,6,5,4,9,4,2,10,12,9,12,21,14,30,52,72,71
239,61,38,26,10,10,10,7,6,11,6,1,2,2,5,2,4,2,7,2,3,4,4,2,6,3,1,11,8,12,13,10,34,64,78,80
87,56,31,28,4,14,4,7,7,10,2,6,6,3,3,5,5,5,4,2,4,12,2,6,4,4,8,14,12,13,21,29,59,83,85,139
179,101,61,45,27,25,13,8,2,16,8,8,4,1,3,3,4,1,8,4,1,2,3,3,3,3,2,14,6,9,17,13,26,50,52,59
229,78,43,32,20,18,13,7,4,13,2,3,0,1,3,2,4,2,3,4,1,2,2,4,3,4,1,13,9,15,16,21,26,38,56,92
241,53,35,14,14,7,10,3,6,9,0,0,8,0,6,2,2,2,0,1,2,3,0,7,1,1,4,14,3,8,20,22,27,57,94,108
159,105,68,51,26,20,15,3,10,19,6,5,5,3,3,2,4,6,7,4,4,5,3,6,7,2,6,16,3,8,9,10,21,27,57,79
266,68,54,34,19,17,10,6,8,16,3,2,5,1,5,3,4,2,7,3,0,3,2,3,2,1,5,9,10,11,19,8,27,35,60,56
284,53,27,14,9,13,7,4,8,7,1,2,2,2,2,4,1,1,7,4,1,5,2,3,6,5,5,12,9,10,17,11,27,30,72,117
131,69,59,35,21,10,10,7,5,16,4,4,5,0,5,6,3,1,3,1,3,6,4,6,5,1,4,9,8,16,22,24,60,85,51,85
135,86,46,29,12,13,5,5,3,22,6,9,5,2,8,5,14,9,35,6,8,8,7,9,8,5,7,15,7,10,12,15,23,39,78,78
143,59,63,35,20,23,7,5,5,16,1,6,12,0,8,3,5,3,4,3,1,5,0,7,4,1,4,13,3,8,17,24,45,51,65,115
123,73,53,52,29,26,17,14,9,14,5,4,11,8,9,8,8,6,9,7,6,3,8,5,10,8,4,23,8,13,15,13,31,39,56,57
158,40,25,19,12,11,8,4,4,9,5,6,7,3,3,4,4,6,8,4,3,3,7,6,3,2,4,18,6,16,25,17,44,79,129,82
173,55,33,25,15,10,6,10,8,10,7,3,3,1,6,6,2,6,1,2,6,6,2,5,8,6,5,10,9,10,23,25,36,72,101,78
192,41,31,21,13,20,9,11,6,18,7,2,2,4,7,4,2,4,10,5,6,5,5,3,8,5,3,16,3,8,15,17,52,59,104,66
391,63,41,22,20,11,8,7,7,6,4,3,2,4,2,2,3,1,8,1,2,4,5,3,4,4,2,10,5,7,6,7,21,11,38,49
135,64,44,26,17,14,8,15,14,17,8,13,11,3,9,7,7,15,9,7,7,6,7,6,11,6,11,29,14,21,22,20,23,29,52,77
151,118,75,58,39,31,24,15,8,17,2,7,9,5,5,1,4,3,5,2,2,1,5,7,2,2,3,10,2,6,18,13,14,27,39,54
193,75,54,32,19,17,18,9,6,12,3,2,3,1,3,1,4,4,4,9,2,4,4,5,6,10,6,8,10,14,20,17,27,25,71,86
172,100,86,42,25,33,19,17,10,20,9,7,7,2,3,2,4,1,8,5,7,3,2,9,2,2,5,6,3,9,14,16,13,17,39,65
223,97,64,41,26,17,11,4,10,19,8,4,2,3,6,2,6,3,6,0,2,3,4,6,7,4,3,9,5,8,10,17,17,41,45,51
318,45,22,23,10,14,14,10,9,12,3,3,6,2,6,2,2,3,4,2,1,6,2,6,7,2,5,16,5,19,19,21,33,32,49,51
141,39,27,16,16,17,12,7,7,17,5,5,5,4,8,4,1,4,2,2,1,8,3,10,6,2,5,20,5,14,18,25,31,52,89,156
117,43,29,24,15,13,6,4,4,8,2,5,9,1,3,1,5,4,6,1,3,13,5,7,6,2,8,35,8,10,15,15,30,67,94,166
207,93,53,24,25,17,16,4,2,6,4,3,2,2,3,1,1,0,8,5,4,7,2,2,5,6,3,12,9,15,22,24,20,51,45,81
190,48,19,19,19,24,20,5,4,21,8,9,1,6,6,1,2,0,8,1,2,1,3,4,7,5,4,21,4,22,12,20,25,43,85,115
235,53,34,27,30,20,12,6,4,14,7,3,1,2,7,1,1,1,1,4,2,12,2,5,5,4,3,16,3,20,17,21,40,29,65,77
148,57,92,90,66,58,22,17,6,25,4,8,7,9,3,3,4,1,13,5,3,4,2,7,11,3,3,15,5,6,15,7,14,17,20,14
271,82,56,28,16,15,20,10,8,17,8,7,6,2,9,3,4,6,10,1,3,6,1,6,5,0,3,8,2,14,14,11,20,29,32,51
312,53,28,33,20,11,10,7,2,19,2,1,2,4,6,4,1,1,13,0,1,3,1,2,3,2,2,11,3,11,10,14,24,32,47,89
169,69,54,21,32,19,13,14,5,21,7,6,6,1,3,6,2,2,10,4,6,9,6,2,6,5,8,15,12,10,10,15,29,42,56,89
202,114,55,36,17,26,10,13,8,14,5,8,4,1,5,5,4,6,2,3,6,3,2,3,8,5,8,13,9,11,14,13,19,29,37,66
227,45,17,25,8,10,7,1,8,9,2,0,0,0,2,0,0,2,1,1,3,1,1,3,2,6,3,8,7,11,18,16,22,39,79,200
172,95,73,36,16,25,17,9,9,8,5,3,6,2,5,8,4,5,6,2,2,5,4,1,0,5,2,11,9,9,7,20,26,45,58,74
163,56,35,23,16,16,11,2,10,11,2,6,6,3,9,2,1,3,11,5,1,3,1,3,4,5,3,19,9,4,7,11,18,54,78,173
198,131,79,45,28,24,23,11,3,24,3,4,8,5,4,5,4,2,2,1,4,3,3,2,5,2,3,6,6,9,9,14,15,22,34,43
141,77,53,32,13,15,12,13,9,12,6,18,10,11,11,14,10,8,14,5,14,7,3,4,15,8,5,18,9,13,10,16,26,38,47,67
140,96,58,41,24,17,18,14,11,14,8,11,10,3,15,10,6,15,18,4,0,7,2,8,7,4,6,23,5,4,19,16,16,26,41,67
218,69,51,31,17,14,13,9,7,27,5,8,7,3,10,6,3,4,5,2,7,6,3,5,5,5,7,15,7,7,14,9,21,34,38,92
214,76,62,54,30,25,9,16,6,10,9,4,6,1,4,2,1,2,6,6,3,5,1,5,3,4,8,16,6,5,17,13,19,25,56,55
199,54,27,15,6,8,11,5,3,5,1,3,2,0,0,2,1,0,4,1,1,6,2,6,3,3,1,17,6,13,20,16,36,62,127,118
270,73,58,36,19,12,16,10,7,19,2,4,2,1,4,1,3,2,12,4,3,5,0,2,1,3,4,15,5,7,10,16,25,38,38,57
90,50,39,23,12,13,12,5,5,7,3,6,2,6,5,3,5,5,8,6,2,4,5,8,4,7,12,18,14,22,36,38,57,79,77,96
132,88,59,41,27,16,12,11,8,14,8,8,8,5,6,10,5,15,15,5,4,9,5,7,3,11,3,15,7,19,20,18,31,38,49,52
262,65,41,39,14,12,8,9,4,16,5,5,2,1,2,1,3,2,14,4,6,7,2,4,6,4,0,21,3,11,12,24,36,34,52,53
271,52,24,22,10,13,6,0,2,16,1,5,1,2,3,5,2,2,3,1,5,3,5,2,7,3,4,27,5,8,15,14,28,42,71,104
222,51,44,27,21,15,9,8,6,10,6,4,7,5,3,1,2,2,3,2,1,2,1,2,5,3,8,18,14,7,22,14,34,48,64,93
153,55,31,25,14,27,14,8,7,17,7,8,6,2,3,5,3,2,2,7,9,1,4,4,1,3,3,19,7,19,22,24,35,51,71,115
293,79,31,21,7,13,6,6,1,9,4,4,7,3,3,3,1,2,8,2,7,5,5,7,2,4,1,9,7,8,7,18,25,36,41,99
148,53,25,31,23,15,9,9,6,8,6,5,7,3,3,4,2,1,2,1,2,4,2,5,3,6,5,13,11,16,17,21,39,62,84,133
202,111,63,50,24,21,19,10,9,13,5,5,3,5,9,6,3,5,4,3,1,6,1,4,1,1,5,17,9,9,15,17,22,24,37,45
225,95,54,31,17,17,10,6,7,15,8,6,10,5,6,1,3,0,3,1,4,1,6,3,5,4,4,14,4,8,16,18,25,32,49,71
225,47,38,29,15,11,13,5,7,17,3,7,6,4,9,5,8,2,14,8,3,3,2,6,8,1,4,18,1,11,18,19,32,49,52,84
243,37,28,19,16,13,6,8,5,12,2,3,3,0,11,2,4,6,9,4,7,5,3,6,4,4,7,35,9,18,20,24,25,41,67,78
219,70,46,37,23,12,13,10,5,11,4,3,3,5,4,4,4,2,12,5,2,0,5,5,1,1,6,11,11,11,14,15,24,52,67,67
276,121,47,42,18,17,15,4,8,8,3,4,0,3,4,1,0,1,5,1,2,2,1,4,7,2,4,5,11,16,11,9,10,11,39,72
203,75,58,29,20,7,10,11,3,12,5,3,4,3,5,5,1,1,16,1,3,7,1,8,5,2,0,18,6,21,10,20,27,40,53,91
189,60,30,31,17,17,9,10,5,20,2,6,3,6,5,5,6,1,12,2,3,14,6,2,2,5,7,18,5,16,17,18,21,45,66,103
289,46,41,27,12,19,10,5,1,19,5,1,2,1,3,1,2,2,6,5,3,6,1,6,4,5,1,13,6,14,7,16,25,31,59,90
262,113,47,29,25,24,13,6,10,11,2,6,3,4,5,3,1,3,2,3,1,9,2,4,4,5,4,6,6,5,10,10,27,26,39,54
199,62,28,32,20,15,9,6,10,13,5,1,6,1,1,1,5,2,3,1,0,4,1,5,6,4,6,13,6,7,18,9,29,36,73,147
199,57,27,16,20,16,10,4,7,15,7,1,5,6,4,3,3,4,24,1,2,6,8,7,7,2,5,13,9,14,20,13,32,54,83,80
158,81,43,31,19,16,11,9,6,10,3,5,7,2,10,2,1,3,4,3,3,6,4,4,4,4,10,14,11,7,14,13,32,45,88,101
111,51,36,27,11,15,17,12,3,12,2,8,10,4,4,4,2,4,6,4,7,10,7,7,8,5,7,18,14,21,25,31,63,78,87,53
146,85,56,27,21,23,17,8,6,27,7,5,10,7,7,7,8,3,11,3,9,4,3,10,3,12,3,13,9,10,16,22,26,32,56,72
277,95,40,34,14,18,5,3,4,15,6,5,2,4,2,5,0,0,2,0,3,2,2,1,2,3,1,13,1,5,4,9,25,22,72,88
188,26,19,10,14,12,9,5,5,4,8,6,5,1,11,4,5,4,6,4,2,4,3,4,4,7,7,23,10,20,35,45,65,60,81,68
323,68,34,28,20,13,12,9,1,18,3,4,0,2,7,3,2,1,3,0,1,5,0,3,3,0,8,8,4,6,11,17,15,29,47,76
140,42,19,29,19,16,14,8,8,18,2,3,5,3,6,3,7,1,11,2,4,5,4,4,4,6,8,13,5,13,19,21,35,61,113,113
254,56,56,28,15,15,10,7,7,9,3,2,2,1,8,6,6,4,10,3,3,6,3,6,2,3,3,17,5,11,17,11,24,36,63,72
137,91,57,26,23,26,18,14,11,9,4,3,2,3,4,4,2,3,4,4,4,8,2,2,7,8,3,12,11,14,11,17,26,40,77,97
112,83,79,48,26,21,12,6,10,25,5,6,15,8,10,10,8,21,13,7,3,7,6,11,9,4,7,10,6,9,17,20,28,27,33,62
172,106,87,58,33,35,18,5,2,13,4,5,4,3,4,0,5,3,6,3,2,2,1,4,4,6,1,5,8,3,10,14,14,25,53,66
201,107,68,43,19,21,18,10,12,16,11,9,6,3,7,2,4,1,6,2,5,4,3,3,6,4,3,10,8,14,13,16,13,24,38,54
388,43,32,28,11,12,14,2,4,5,2,1,1,3,4,4,1,3,4,2,3,3,2,2,2,1,5,4,7,5,8,5,21,35,52,65
316,53,20,14,14,14,5,8,6,7,2,3,2,3,2,1,0,0,1,2,2,4,6,4,3,5,3,10,8,11,11,22,32,43,48,99
217,33,25,20,8,7,8,7,9,8,3,9,5,4,3,4,2,5,6,5,4,5,3,6,8,5,3,17,19,17,16,25,32,57,87,92
293,75,41,31,15,17,11,5,2,20,2,10,5,3,9,3,4,0,12,3,4,5,3,6,5,1,1,24,11,7,9,6,22,23,29,67
247,73,29,27,4,16,11,5,4,11,3,1,1,3,1,2,1,1,5,2,1,2,3,2,2,2,4,10,9,7,17,19,29,51,66,113
97,65,41,20,15,12,10,11,14,25,7,11,11,4,7,6,8,7,6,4,11,10,5,14,7,11,7,18,7,15,19,17,39,57,81,85
308,75,43,31,20,18,6,13,7,3,7,5,5,5,2,5,3,3,11,1,1,2,3,1,4,4,6,8,4,11,10,12,12,26,37,72
211,97,79,61,33,29,15,12,5,8,3,5,2,2,2,2,1,3,3,1,1,3,4,6,5,4,6,7,2,13,11,11,24,15,30,68
274,124,56,32,24,16,13,12,1,15,3,7,1,1,2,5,3,0,9,3,2,3,2,1,3,4,0,12,10,7,14,7,14,23,22,59
164,60,54,37,17,16,15,10,7,13,4,3,3,1,4,4,2,4,5,1,1,9,2,3,4,5,6,11,9,13,16,19,54,50,70,88
222,67,36,35,14,20,9,7,3,14,2,4,3,2,5,0,4,1,7,0,2,8,3,1,2,3,4,7,9,11,16,13,35,43,85,87
248,96,60,31,17,15,7,2,2,5,4,0,2,3,5,1,1,2,2,4,3,2,1,2,3,2,3,10,3,12,14,14,24,39,67,78
109,56,53,33,22,22,12,19,7,10,7,5,7,2,8,5,0,2,8,5,3,8,2,4,5,3,6,16,13,15,22,21,34,37,85,118
180,21,30,22,12,9,2,7,9,15,2,3,3,2,4,6,1,4,9,1,4,9,8,4,7,6,8,23,12,25,31,34,57,77,86,51
274,91,56,30,16,24,6,9,3,18,5,3,6,7,4,6,1,2,3,2,5,3,2,7,2,3,6,6,6,11,15,13,18,25,41,55
84,33,28,22,19,22,10,10,7,23,9,11,6,6,12,6,9,7,9,6,9,16,6,7,12,12,3,25,7,30,21,27,56,67,98,49
183,87,43,39,17,20,17,12,11,20,4,7,5,6,4,4,3,5,11,3,8,5,5,10,8,8,3,13,14,11,14,25,33,32,39,55
192,37,23,18,15,13,17,3,12,15,3,3,6,7,7,5,5,3,10,2,9,5,6,10,6,8,8,28,5,20,11,18,20,36,96,102
114,87,49,38,20,11,10,9,0,13,5,7,4,2,3,2,3,6,5,1,2,3,1,3,8,4,3,11,7,8,23,27,20,32,62,181
112,125,117,57,49,23,13,16,8,8,3,4,6,3,8,3,1,4,5,0,3,2,7,5,8,5,4,7,8,10,6,21,16,29,40,48
128,123,80,61,35,27,21,17,10,16,6,5,12,7,7,2,6,1,4,6,8,6,4,5,2,9,0,16,6,16,17,15,22,23,25,36
137,83,41,42,21,18,9,7,7,9,6,4,4,2,10,1,4,0,3,2,2,5,2,3,7,6,10,7,8,12,15,15,20,56,91,115
297,55,28,17,15,11,4,5,10,16,3,0,6,3,1,1,4,0,6,2,5,4,4,4,3,4,6,10,9,6,17,17,31,35,49,96
174,61,82,77,60,38,29,9,8,17,5,6,4,3,4,4,2,4,23,4,1,3,4,4,0,1,3,6,8,15,3,12,15,33,21,41
224,41,27,24,8,10,8,4,1,16,2,1,3,3,5,1,1,1,6,1,1,2,2,6,2,4,1,19,11,17,14,29,42,56,77,114
169,58,41,18,16,16,15,8,1,15,1,4,1,0,4,1,1,1,10,1,4,9,1,2,2,6,1,16,10,13,17,21,43,52,45,161
119,75,54,54,27,21,13,11,6,14,6,8,2,2,5,2,2,1,5,2,3,3,4,6,7,6,4,14,4,5,27,20,18,38,42,154
329,44,19,15,12,9,5,3,4,11,2,3,4,2,4,1,1,2,4,1,0,5,0,2,0,3,2,21,5,9,13,16,19,47,70,97
220,70,56,41,16,22,30,14,8,24,5,7,10,4,5,2,2,2,5,1,4,3,0,1,2,5,2,20,4,8,15,19,38,36,45,38
132,68,45,47,34,30,24,19,15,13,9,8,5,5,5,1,5,3,12,4,4,6,3,6,6,5,7,14,5,20,19,22,39,58,61,25
158,85,56,55,25,29,20,12,3,20,11,6,6,6,7,3,0,0,14,1,5,10,3,4,3,6,3,7,7,10,17,15,33,38,54,52
120,73,64,51,42,25,23,13,16,11,11,6,0,7,6,9,5,5,8,5,6,3,2,4,5,7,5,14,8,12,20,16,26,29,36,91
188,77,34,32,20,14,10,11,8,16,3,4,4,5,6,3,4,2,3,1,5,4,4,7,2,5,2,8,14,12,18,32,42,54,51,79
99,27,29,24,15,12,12,5,9,14,4,4,7,3,6,6,2,8,6,4,1,5,6,11,3,4,9,20,9,24,34,48,62,73,99,80
100,33,33,39,27,29,19,18,20,30,16,13,10,10,9,10,2,5,4,3,8,4,9,11,11,17,12,30,23,27,40,33,28,31,31,39
231,63,39,39,23,17,15,13,5,21,15,7,9,3,8,2,3,2,9,4,2,7,4,0,3,5,9,14,9,16,17,11,29,43,46,41
142,42,36,32,23,18,27,18,15,30,13,13,11,9,10,9,8,5,10,4,7,10,9,3,10,10,6,24,7,23,16,33,26,26,18,81
114,61,50,57,39,22,15,14,12,12,7,12,8,8,6,6,6,3,13,4,6,1,4,1,12,5,5,13,8,14,20,22,41,46,65,52
151,61,58,31,20,12,10,8,8,10,6,10,10,5,10,5,3,6,10,7,12,9,5,9,2,8,6,15,4,9,12,19,18,33,45,137
68,65,47,29,19,29,24,20,11,16,10,10,6,3,4,0,5,7,8,2,10,5,4,7,9,10,7,21,8,15,25,20,40,55,79,86
213,41,40,31,18,17,12,8,3,13,2,5,2,3,6,6,2,3,10,3,9,5,3,5,7,9,1,16,10,9,25,24,32,42,58,91
193,38,23,32,8,9,7,4,7,10,2,1,2,1,5,3,0,1,1,4,2,1,3,2,4,2,5,12,10,14,25,15,38,52,85,163
100,39,29,28,12,24,12,11,12,21,17,10,8,6,10,5,4,4,12,8,5,8,9,4,14,8,6,15,22,29,25,28,63,57,64,55
120,63,36,36,15,13,4,2,6,6,5,4,5,1,3,3,3,3,3,2,4,8,6,3,5,6,7,11,19,11,26,31,47,56,76,135
127,119,46,51,37,26,18,24,7,17,10,10,5,12,7,6,5,3,7,0,5,12,3,3,7,1,6,17,9,19,17,17,20,22,38,51
259,59,28,35,25,20,21,11,4,21,3,5,2,2,6,1,1,4,15,2,1,3,1,6,2,1,3,18,11,17,19,16,25,47,61,29
233,34,37,20,20,22,9,10,9,27,6,4,8,3,7,6,2,4,10,4,4,9,9,7,7,7,0,29,9,17,18,22,20,49,34,68
167,51,20,30,30,17,23,7,9,21,4,7,12,1,3,5,5,3,16,2,0,6,10,11,8,20,10,24,19,16,37,29,44,45,42,30
169,47,43,31,11,12,10,12,7,13,6,9,6,3,7,7,5,8,4,5,5,3,5,5,5,9,7,18,7,5,17,14,23,56,79,111
115,39,24,21,16,23,22,15,10,22,16,20,13,10,14,14,15,13,39,6,11,11,8,11,10,10,6,19,21,23,19,24,34,43,50,17
121,58,35,37,23,17,6,9,1,14,6,6,6,3,6,5,2,8,3,1,5,5,13,5,7,5,6,14,13,14,17,30,31,42,79,131
103,52,26,19,17,16,9,7,5,7,2,4,2,2,3,6,4,22,21,8,4,6,2,7,8,4,9,15,9,15,13,24,47,61,76,149
140,75,45,28,16,18,14,7,5,14,6,5,4,7,8,2,6,4,6,6,9,6,3,7,9,6,5,8,8,10,16,19,31,33,67,131
133,40,19,23,9,10,9,5,1,19,4,8,6,2,5,8,1,0,9,2,3,9,1,5,3,4,1,27,8,23,30,22,39,49,99,148
175,75,49,52,31,23,11,3,2,23,1,3,2,4,10,4,7,2,14,1,3,7,1,1,3,7,2,12,8,7,10,10,27,30,51,113
254,62,35,27,21,11,11,13,3,8,2,6,6,1,7,4,6,4,8,3,7,4,3,4,2,5,12,11,9,12,21,18,28,37,60,59
168,86,57,43,21,21,15,15,11,12,3,4,4,3,6,5,0,3,8,5,2,4,4,3,5,5,3,12,5,12,8,20,29,35,62,85
58,45,19,26,19,25,16,18,16,12,16,5,14,10,14,7,17,15,17,13,11,10,5,14,10,11,11,27,21,22,37,37,58,48,50,30
97,42,24,35,21,18,15,15,6,16,9,11,9,12,12,16,7,9,11,16,12,8,13,20,11,10,11,29,12,20,24,32,43,56,49,33
103,51,48,29,22,29,19,8,3,27,4,7,5,3,12,6,5,18,24,23,17,12,6,18,17,5,7,25,11,10,25,24,23,35,45,58
75,52,30,33,11,16,16,8,17,17,8,3,8,10,15,10,4,3,19,10,8,9,6,14,12,10,14,23,13,19,24,29,42,52,80,64
330,62,53,31,21,27,14,6,2,8,4,4,5,2,2,3,0,1,10,1,1,2,1,0,1,1,0,3,0,5,5,9,9,26,61,74
317,91,64,34,22,16,7,8,5,14,0,9,5,4,4,1,4,2,11,1,2,6,1,4,5,2,5,14,3,6,13,8,18,22,20,36
95,43,35,19,10,7,9,9,5,7,2,7,7,5,3,4,5,3,5,10,10,14,4,6,12,11,9,12,15,22,27,19,40,78,125,90
73,30,26,24,22,18,17,7,12,17,7,11,5,9,14,5,7,4,20,8,11,13,23,25,25,17,18,36,28,36,23,38,38,37,43,37
145,68,50,60,36,32,31,19,18,28,10,18,13,6,6,3,3,9,11,8,7,4,8,3,2,5,3,15,9,5,13,7,26,25,39,39
183,39,34,27,21,18,14,16,11,15,5,8,6,4,5,4,5,7,25,4,4,7,1,7,12,12,7,16,14,17,22,24,25,55,62,48
193,69,43,38,17,16,14,5,10,10,5,12,7,3,7,4,4,6,17,12,7,10,2,8,8,6,4,20,10,10,14,14,26,38,61,54
151,92,54,35,31,34,15,8,10,22,3,2,7,4,9,4,4,2,5,3,4,13,4,3,7,7,7,11,10,13,18,11,15,31,50,85
75,59,54,26,20,25,13,10,11,20,2,9,4,6,4,4,5,7,8,4,7,4,4,7,6,4,7,12,13,14,27,32,53,59,95,74
200,88,41,28,16,21,11,8,2,16,2,7,10,3,11,1,5,3,9,5,7,6,0,4,6,3,2,17,7,9,19,19,22,29,65,82
254,90,45,30,15,15,19,7,9,26,3,4,5,3,14,7,0,1,13,5,2,10,2,5,1,1,2,22,7,7,14,14,17,28,24,63
224,34,28,28,16,15,10,7,3,12,2,2,4,2,7,2,2,0,4,1,6,2,3,8,5,2,3,11,10,28,28,48,69,59,43,56
78,101,70,36,14,25,17,6,5,9,7,9,6,4,13,5,6,6,13,9,3,11,10,7,6,7,10,17,13,17,16,30,29,46,63,60
295,31,25,11,8,9,3,6,3,11,1,1,1,1,3,3,0,7,4,1,1,2,2,3,4,0,3,11,9,7,22,24,35,62,88,87
99,74,46,45,27,16,9,9,6,11,3,5,4,2,5,5,2,6,4,3,3,2,4,8,7,7,2,16,5,11,16,18,37,58,85,124
122,90,78,54,31,32,14,5,7,11,5,5,4,2,9,3,2,3,9,3,3,3,3,10,8,3,7,14,7,12,19,29,37,47,47,46
165,83,47,26,21,15,6,3,9,13,5,5,6,7,5,2,2,4,9,1,2,4,2,7,7,5,6,26,9,28,24,25,23,45,58,79
168,81,41,31,20,18,20,14,7,18,3,5,7,1,7,5,1,0,1,1,2,7,4,3,4,3,1,11,8,9,21,17,22,43,77,103
209,82,58,33,13,16,6,3,5,12,2,8,2,1,1,7,3,3,6,2,4,5,2,3,1,8,2,18,6,6,19,16,36,47,67,72
71,49,31,32,28,22,22,17,7,17,10,13,6,11,6,5,5,9,5,6,6,5,6,8,11,8,8,12,24,19,27,28,46,49,81,74
344,37,34,24,13,6,6,4,5,7,0,10,5,4,6,2,1,0,5,0,1,3,4,4,3,2,3,13,7,8,19,20,24,43,54,63
236,71,46,28,21,8,12,8,0,10,8,6,8,5,2,4,1,2,5,4,2,0,3,5,6,3,1,15,7,10,21,11,35,35,57,88
82,27,32,28,19,16,10,16,8,10,5,7,9,7,7,9,4,4,6,5,5,7,5,7,4,13,3,17,11,12,25,49,68,85,80,82
213,90,39,22,10,9,14,4,4,8,3,3,8,2,5,3,7,2,11,4,8,10,0,8,2,5,2,11,6,11,11,19,34,47,77,72
245,48,39,25,16,4,9,7,9,15,4,3,6,0,4,1,5,17,40,3,2,6,1,2,4,7,5,28,9,9,13,17,35,47,39,60
163,80,50,32,18,27,15,10,6,16,7,7,3,3,3,5,4,4,6,6,4,1,6,2,8,4,3,15,14,17,24,20,31,46,58,66
132,71,69,36,39,28,30,10,5,15,4,7,3,3,5,4,3,5,12,3,3,2,0,4,4,9,2,13,10,9,21,25,36,48,68,46
191,84,41,22,14,27,16,5,2,8,4,3,2,1,12,4,3,4,5,3,2,10,3,11,10,4,10,13,7,17,30,17,28,51,60,60
214,41,16,16,9,11,9,5,5,5,5,4,3,5,4,3,4,0,9,2,1,8,6,3,3,5,3,21,6,18,24,24,67,85,91,49
127,39,21,22,10,14,11,3,6,12,8,1,1,3,6,4,2,1,6,4,7,4,2,6,4,7,11,12,4,5,27,26,42,68,142,116
152,25,10,20,3,6,4,4,6,7,0,2,3,4,2,1,2,4,4,5,4,6,5,7,11,7,11,32,20,31,34,60,93,81,73,45
141,41,30,21,8,15,10,5,3,7,4,5,4,6,8,3,4,5,8,2,4,4,4,7,7,7,4,11,15,20,24,26,38,50,104,129
300,65,52,31,16,11,9,4,8,12,1,1,4,2,9,3,4,1,5,0,2,4,4,3,1,1,3,13,3,8,13,13,21,36,48,73
183,86,53,27,26,21,11,11,7,12,5,2,3,3,6,1,7,4,5,6,1,4,4,5,4,8,7,14,10,17,24,17,30,27,53,80
310,33,17,23,18,12,9,8,1,20,6,4,5,1,3,0,5,0,5,4,4,10,1,5,2,5,2,21,9,9,11,22,13,30,58,98
318,79,38,21,20,10,10,9,6,6,4,3,3,3,7,2,3,2,3,1,5,8,2,2,4,4,1,8,3,7,12,14,17,26,50,73
173,100,65,43,26,22,22,22,19,9,9,7,5,6,5,6,9,4,14,7,4,7,4,8,6,7,5,18,9,11,12,7,18,24,31,40
182,105,71,58,31,29,17,18,7,3,2,6,3,1,5,3,1,0,2,2,2,4,3,4,2,6,6,7,6,12,17,13,17,35,50,54
308,72,39,25,11,9,14,7,4,14,2,4,3,3,8,1,4,1,9,3,4,1,5,2,1,5,2,5,7,13,10,7,22,28,49,82
286,41,31,13,27,14,12,4,5,18,3,7,7,3,5,7,6,1,9,7,3,5,3,6,4,9,3,26,10,5,14,13,25,41,47,64
171,23,14,3,6,2,7,0,2,6,1,1,1,0,2,2,2,1,24,5,2,2,9,1,3,3,2,19,7,24,27,48,69,92,136,67
161,61,53,21,17,12,13,7,4,11,4,3,4,1,2,5,2,4,7,2,2,1,2,5,2,2,5,13,9,6,13,20,27,43,74,166
195,38,22,18,6,14,6,11,3,15,3,5,6,2,5,2,1,3,11,5,1,10,4,6,9,5,0,17,6,12,16,15,26,58,79,149
154,104,79,49,22,28,29,6,12,24,6,5,11,5,4,2,1,3,8,1,3,4,4,5,6,5,7,18,7,7,12,17,29,26,34,47
205,49,36,38,27,21,21,10,9,9,7,6,4,3,5,4,3,2,6,3,7,8,8,7,15,15,10,13,13,13,26,29,36,37,36,43
363,58,38,20,13,12,4,5,3,9,1,5,0,1,2,0,0,1,17,0,1,0,0,0,1,0,0,6,2,7,7,8,20,27,51,102
219,82,51,47,12,22,14,9,5,18,7,1,4,2,6,1,2,5,11,4,3,2,0,6,5,2,3,18,5,12,14,13,28,31,57,63
198,46,38,38,25,27,12,11,8,24,5,8,8,4,11,5,4,2,6,1,5,9,5,5,3,1,8,16,15,17,24,41,35,35,33,51
152,53,35,35,24,21,11,10,4,10,14,5,7,3,10,4,5,2,5,7,8,8,2,3,6,7,9,11,13,15,14,20,22,40,74,115
113,35,21,23,18,10,7,5,5,4,3,6,3,1,7,4,5,5,3,2,4,2,5,5,4,5,5,18,14,15,34,35,68,81,108,101
82,86,52,58,40,27,30,22,14,22,14,11,9,6,11,6,5,1,12,4,9,5,3,6,11,7,6,23,15,15,21,19,29,31,38,34
90,67,48,35,28,19,20,9,13,14,3,12,8,7,6,7,5,7,6,3,5,10,2,6,7,6,10,18,25,28,33,34,49,46,49,49
146,47,23,26,13,15,15,11,3,18,6,9,9,5,10,6,3,2,14,6,3,8,3,7,12,4,5,23,15,9,23,37,40,42,73,93
81,58,40,33,41,33,16,14,8,16,5,3,3,5,4,2,4,5,8,6,5,5,7,3,12,4,3,17,13,17,24,23,32,36,63,135
187,70,41,32,22,14,7,12,13,14,9,6,6,2,8,4,2,2,4,3,6,10,4,9,2,10,11,15,12,10,10,17,28,35,53,94
59,70,31,27,15,14,18,17,9,14,10,9,9,7,16,6,10,2,2,7,5,10,5,9,10,15,10,27,25,28,40,35,42,54,59,58
106,54,41,30,22,30,24,8,10,22,2,8,10,1,9,3,1,2,6,4,6,8,2,10,12,9,5,22,18,20,28,38,38,45,65,65
66,40,24,17,15,18,20,11,4,18,5,5,5,9,5,4,6,9,4,6,8,13,13,11,11,13,5,20,19,21,24,36,40,48,90,121
88,61,33,23,19,15,12,6,15,9,6,5,5,4,3,2,4,1,8,6,2,5,1,7,2,7,3,20,10,16,11,32,37,52,100,154
123,26,45,47,27,18,21,8,12,10,5,9,13,4,6,5,5,2,9,4,5,6,10,5,11,6,2,17,6,6,30,22,40,56,59,104
126,47,35,40,20,15,14,14,13,9,8,4,9,5,8,6,7,7,5,1,5,4,4,11,5,10,3,20,7,18,38,25,45,69,61,66
141,81,51,27,17,21,16,7,5,12,3,6,7,1,4,5,1,20,33,2,0,3,1,6,7,2,3,17,20,10,16,20,47,54,59,59
172,70,56,49,32,22,14,12,12,12,3,7,3,5,4,6,2,1,6,4,2,6,2,5,2,4,4,11,7,9,14,23,44,48,62,49
223,60,41,32,18,19,20,9,7,15,4,3,7,2,2,4,3,6,14,2,0,9,3,3,1,3,6,16,12,11,18,19,40,30,52,70
184,38,32,24,22,10,15,17,3,19,6,6,7,4,6,7,4,4,7,6,6,8,8,6,7,13,12,24,11,19,27,29,42,50,52,49
116,67,68,45,36,26,16,11,9,3,5,1,6,3,6,1,3,3,1,5,6,5,2,9,9,4,2,14,10,17,22,24,40,56,70,63
222,55,32,24,26,28,19,21,5,22,3,5,7,1,4,3,5,6,23,3,5,7,2,0,4,2,4,20,9,12,23,18,28,35,39,62
102,47,25,33,24,21,12,9,13,20,11,11,7,3,15,6,5,9,6,5,7,10,9,4,6,8,13,24,22,22,25,29,37,32,57,95
137,45,33,44,29,31,14,10,13,11,7,9,12,8,9,5,6,6,8,5,11,9,7,7,12,11,9,18,18,20,26,24,35,41,50,44
277,66,28,32,21,24,14,4,4,14,7,4,5,3,3,1,0,1,10,3,2,6,5,10,5,3,9,10,11,11,15,9,24,44,37,62
76,49,47,32,21,14,19,11,7,11,8,5,4,5,9,2,4,9,10,7,5,10,9,8,9,9,10,21,27,39,35,41,43,40,62,66
84,24,21,28,15,22,15,15,19,19,8,7,11,2,9,7,4,9,13,7,11,9,6,8,9,2,8,21,15,22,26,24,46,47,65,126
288,71,51,35,21,18,10,8,3,11,3,3,6,6,6,3,4,7,7,4,2,5,4,6,3,3,4,6,6,11,12,13,15,32,41,56
181,71,45,44,24,16,12,14,4,11,7,6,10,7,9,4,9,4,8,6,7,5,8,6,10,5,5,11,15,14,15,19,30,36,33,73
168,79,50,39,20,20,11,10,10,13,4,6,4,6,4,0,2,3,5,0,6,4,4,3,4,1,7,16,10,18,11,20,19,32,42,133
121,45,36,26,24,20,18,10,6,14,3,8,5,3,6,2,0,7,4,4,6,4,10,9,10,6,10,16,11,16,20,19,41,53,59,132
117,71,56,36,22,14,15,9,14,9,9,8,5,4,1,7,3,8,5,9,1,8,6,8,5,5,4,11,11,11,8,18,38,43,62,123
148,87,75,50,29,29,13,11,1,13,2,3,6,1,12,3,7,0,26,7,5,8,3,11,2,5,1,15,5,7,13,15,23,28,44,76
141,65,37,35,30,21,14,16,9,15,13,10,7,4,6,5,4,2,1,4,8,10,7,9,8,7,11,10,14,23,22,21,28,63,57,47
67,52,40,38,32,29,18,18,11,16,9,13,8,9,5,7,2,2,13,3,4,8,6,10,6,9,8,23,7,19,21,21,33,30,60,127
104,53,34,28,17,23,11,8,13,11,6,9,8,4,8,4,3,2,4,5,8,3,8,10,6,11,6,21,11,21,22,32,47,47,81,95
108,56,33,20,31,17,11,16,6,14,7,8,13,5,8,2,5,5,14,8,5,7,9,8,7,10,10,19,15,15,34,31,51,49,53,74
185,88,37,24,20,19,7,5,1,13,3,0,1,0,3,2,2,0,24,0,1,6,1,2,6,2,1,13,6,8,7,14,24,38,74,147
161,108,65,55,23,21,15,11,11,17,7,7,8,8,6,7,6,4,7,6,3,7,4,6,9,2,5,5,7,13,17,15,18,23,47,50
243,54,31,23,18,20,9,7,5,6,10,7,1,4,8,3,1,3,5,4,2,2,4,0,2,7,2,7,12,14,14,15,28,57,66,90
177,70,51,36,26,19,14,10,5,11,4,8,4,3,3,2,4,1,5,3,4,7,6,4,5,5,9,15,17,13,20,18,30,50,45,80
61,48,37,59,37,32,23,11,15,21,13,11,12,6,5,4,10,9,8,9,5,7,6,14,4,19,17,25,9,23,27,34,31,41,53,38
196,62,34,30,19,19,15,8,16,21,5,8,13,5,7,8,6,8,10,4,4,8,3,8,6,7,2,12,12,13,15,19,32,29,53,67
192,76,50,35,16,22,18,6,5,11,7,10,5,5,5,5,9,7,19,4,4,11,5,6,3,3,8,15,7,11,10,13,27,26,46,82
193,53,24,27,18,19,11,10,8,17,6,10,3,6,11,6,2,3,4,7,3,9,8,7,6,6,9,9,16,13,19,25,24,58,60,74
301,70,39,15,18,8,10,8,7,8,3,5,2,6,7,3,6,4,4,3,3,4,4,5,4,3,3,8,10,5,14,13,27,28,49,77
176,77,48,29,13,10,14,11,8,11,5,3,5,3,4,5,6,2,5,5,5,12,4,5,4,9,13,20,9,8,15,14,28,36,54,108
131,51,34,25,13,12,8,4,8,18,4,10,8,7,11,4,3,3,9,6,0,5,3,5,3,4,7,14,9,13,21,17,19,45,98,152
162,83,74,46,24,19,14,8,9,14,6,11,7,3,5,5,7,4,5,5,7,2,6,6,5,6,4,19,9,4,16,13,22,37,48,69
163,71,42,39,17,22,10,17,8,13,6,6,6,5,12,5,4,7,7,5,1,4,3,7,5,4,4,18,7,14,20,17,28,47,60,80
101,52,36,23,13,13,12,3,7,18,2,6,7,2,9,1,5,11,13,1,3,8,1,9,5,7,4,10,11,13,19,19,46,54,108,132
279,45,38,30,22,18,9,3,3,14,6,8,2,3,9,1,3,0,40,4,3,9,1,1,2,2,1,16,9,10,14,13,33,29,48,56
166,55,36,25,19,15,9,9,12,11,6,6,10,1,3,3,4,6,4,7,7,4,2,7,8,5,6,16,5,8,16,23,14,46,53,157
238,62,36,22,13,11,12,4,6,9,3,4,6,2,3,5,3,3,5,2,1,4,1,4,5,2,3,5,7,12,13,7,24,55,88,104
213,56,36,20,14,14,6,6,4,10,2,4,0,2,13,4,4,4,7,6,4,8,5,6,3,7,2,11,13,14,18,26,43,50,72,77
197,61,36,33,15,12,12,10,5,12,2,9,12,2,6,7,7,5,11,11,3,7,6,12,8,1,4,9,12,13,14,14,23,33,56,104
178,81,41,31,22,18,8,4,16,21,6,8,9,6,16,5,4,6,16,8,5,9,4,5,1,6,8,13,10,9,10,14,20,31,58,77
178,76,57,52,37,19,17,7,7,13,10,6,3,4,11,3,0,7,15,7,4,4,2,5,6,3,5,17,4,12,15,25,25,31,45,52
181,67,61,62,26,21,20,11,9,29,2,6,4,2,12,2,2,1,35,2,4,2,3,2,2,4,4,23,4,13,12,14,24,24,50,44
106,49,40,28,8,17,15,12,4,12,2,6,10,6,8,8,3,4,9,4,5,9,5,8,11,8,6,21,15,14,17,21,26,51,91,125
186,70,62,45,22,17,10,6,7,18,5,3,4,2,9,3,6,9,15,2,4,12,3,7,3,3,10,22,3,8,11,9,16,30,68,74
110,38,22,22,7,17,8,5,1,31,3,8,8,3,12,3,1,4,39,5,4,10,2,4,6,6,5,29,10,24,20,27,58,88,86,58
255,39,16,22,12,17,13,7,4,12,1,4,1,2,8,2,3,10,24,2,2,5,4,2,2,2,6,16,2,10,18,21,27,41,62,110
123,40,32,15,16,10,6,12,7,11,5,4,5,4,6,4,2,5,11,4,4,9,2,11,4,7,6,22,14,22,24,25,35,89,107,81
137,44,37,38,18,17,16,12,7,12,5,9,7,6,8,6,6,3,8,4,9,12,5,7,7,8,6,17,13,20,30,17,29,37,58,109
200,42,32,24,16,22,20,20,10,19,9,8,4,8,8,6,8,3,11,4,8,11,11,8,7,9,2,25,15,13,19,12,26,26,53,65
222,83,64,41,21,21,10,4,10,12,1,4,4,1,6,1,0,4,5,3,0,7,2,3,2,1,7,13,3,8,10,15,30,44,46,76
105,72,51,44,28,27,22,9,11,16,7,8,8,7,10,6,6,8,7,4,6,10,5,6,8,4,5,20,12,9,18,14,28,41,48,94
202,77,42,32,17,15,15,10,10,10,12,4,2,4,5,3,8,3,8,2,7,15,6,7,7,4,8,11,3,8,11,11,17,32,56,100
223,46,20,26,13,7,0,3,1,17,2,7,3,1,6,4,3,3,16,2,1,4,3,5,3,1,4,19,8,8,8,17,19,37,69,175
156,68,57,34,27,19,23,9,14,14,10,10,3,3,13,6,2,10,10,9,3,2,7,6,6,11,3,14,6,6,15,17,27,37,55,72
326,71,29,13,9,6,1,1,0,8,2,1,4,1,6,0,1,0,49,4,1,6,2,2,2,4,0,6,7,3,5,6,18,32,71,87
200,56,37,17,9,9,18,9,6,9,6,9,13,0,1,2,4,3,5,4,5,8,4,11,2,9,2,16,6,10,20,31,28,51,85,79
206,57,34,21,15,22,7,10,7,20,5,13,7,5,5,6,3,3,10,3,5,4,2,10,6,5,8,15,3,9,17,18,30,55,58,80
174,47,35,31,15,18,13,11,3,13,6,8,3,5,9,7,5,6,22,2,2,3,3,1,4,4,1,11,6,13,20,20,32,46,49,136
172,70,41,22,20,15,9,8,8,18,4,9,6,7,6,3,7,5,10,1,1,8,3,4,3,6,8,22,12,14,15,19,22,38,67,101
128,40,36,30,19,12,6,9,8,13,5,5,9,4,15,9,5,6,20,7,8,10,11,10,10,9,11,20,12,19,24,22,32,28,45,127
134,53,52,38,16,17,11,11,8,23,7,5,8,5,8,6,2,3,4,7,6,8,2,6,10,5,3,13,5,10,20,19,31,28,72,128
292,54,34,29,20,9,14,7,7,10,2,1,2,3,5,2,4,6,4,2,5,3,1,6,5,6,4,15,10,9,11,19,23,26,51,83
141,71,33,31,15,19,20,14,12,24,12,12,9,8,10,8,10,6,16,7,6,9,5,12,7,8,4,26,14,17,19,19,22,33,41,64
186,57,53,29,17,19,12,9,20,30,7,4,4,3,11,3,4,4,5,1,2,8,1,5,3,1,9,23,9,10,16,17,24,33,54,91
187,76,52,28,27,22,16,14,3,15,5,3,4,1,11,3,7,0,8,3,3,5,2,5,5,4,1,21,6,10,17,14,27,32,53,94
211,58,27,22,11,12,5,13,7,12,1,7,9,4,7,5,7,5,25,5,5,4,2,5,10,4,6,14,8,11,12,11,27,56,64,92
154,68,69,30,20,17,9,10,16,18,3,4,13,4,14,4,1,4,10,3,3,5,3,9,10,2,8,13,8,14,16,13,26,37,63,83
105,36,33,21,21,17,12,7,7,15,16,16,11,8,13,4,4,4,11,6,11,8,8,8,15,6,5,17,9,20,12,24,34,46,78,116
186,53,32,20,10,14,13,9,8,11,4,6,2,1,2,5,3,4,2,6,9,8,8,3,12,9,5,23,9,12,17,12,30,51,94,91
169,91,61,59,29,17,11,12,7,11,2,7,4,7,12,4,6,6,13,3,4,3,2,7,7,5,7,10,9,9,11,17,17,38,37,70
141,53,38,31,16,20,9,8,11,14,8,6,9,3,3,7,5,0,10,7,3,7,4,7,10,9,5,11,9,25,14,19,26,49,88,99
209,42,33,17,21,9,13,7,5,4,3,4,8,0,7,4,3,6,7,3,1,8,2,8,4,6,6,17,7,11,15,19,32,47,79,117
118,48,34,26,17,17,11,13,5,10,6,7,5,3,8,4,7,6,12,3,4,4,6,9,7,7,7,16,8,15,19,34,41,50,84,113
104,74,39,40,19,13,19,10,14,17,11,13,7,6,6,8,6,2,9,2,3,8,2,5,11,9,12,21,8,12,16,15,29,48,71,95
91,38,32,31,19,13,18,12,12,16,5,5,10,8,11,10,6,5,17,7,10,5,9,14,9,9,6,20,13,13,29,18,38,54,87,84
153,55,46,35,17,18,18,10,9,17,3,5,13,4,5,8,8,15,13,8,7,9,4,10,7,3,5,13,13,15,19,22,35,39,51,72
238,44,33,18,12,13,12,5,3,15,5,2,7,0,9,1,5,0,17,4,2,4,2,9,7,2,1,26,3,6,17,12,29,31,59,131
133,68,38,25,13,13,11,10,3,19,4,6,14,1,6,7,2,4,5,5,5,4,4,7,6,6,10,11,7,12,29,20,31,50,79,116
277,57,40,36,5,5,7,6,5,8,1,1,2,4,5,2,1,3,3,1,1,3,1,4,5,3,5,13,7,7,9,18,30,40,61,108
122,67,34,37,25,22,18,13,7,11,8,6,11,3,2,9,3,6,8,4,7,3,5,8,7,9,9,22,11,19,16,15,35,49,59,94
228,51,24,13,9,14,10,3,3,8,4,3,9,3,3,5,4,3,14,4,1,8,1,8,4,5,4,12,9,10,13,15,23,29,72,155
259,77,35,37,15,11,12,3,7,12,4,9,3,3,8,1,5,13,10,7,6,7,1,5,11,3,0,7,7,9,5,13,24,28,41,86
105,46,32,18,12,8,10,8,3,17,3,4,3,5,6,2,5,2,13,5,3,5,3,7,5,3,5,23,8,20,18,22,44,43,93,175
90,58,33,31,23,23,16,19,14,20,11,5,9,10,7,7,6,6,10,11,6,7,13,7,14,5,5,24,19,13,18,17,29,32,62,104
325,31,17,16,18,9,10,6,7,12,1,2,3,5,5,4,3,4,3,3,3,6,2,7,2,5,2,16,6,7,21,12,17,28,43,123
