split,source_index,class_id,class_name,pc1,pc2
train,83655,0,choroidal neovascularization,-71.4979080819127,2.79477679417127
train,83607,0,choroidal neovascularization,55.92954214296131,-24.71843776996995
train,48719,0,choroidal neovascularization,-76.07253732397932,-80.68348541067922
train,73798,0,choroidal neovascularization,101.54653541019252,-12.92048001476845
train,94541,0,choroidal neovascularization,-39.20405415313324,-13.637140984103773
train,53328,0,choroidal neovascularization,-57.83915905927989,39.57548806010603
train,72440,0,choroidal neovascularization,-75.35986928010655,40.44907751251829
train,36289,0,choroidal neovascularization,-70.428506061636,5.086661380778018
train,80199,0,choroidal neovascularization,-34.08910680114742,-47.08541920229681
train,89947,0,choroidal neovascularization,-20.395574162035672,-22.07003486308729
train,31924,0,choroidal neovascularization,-33.386252254537496,-25.83084596825947
train,9002,0,choroidal neovascularization,68.88306008415844,-0.23235826704699036
train,42938,0,choroidal neovascularization,28.053582045824214,-7.666587344039641
train,45322,0,choroidal neovascularization,138.05890138850154,-9.332238577181286
train,97473,0,choroidal neovascularization,17.38523006685736,16.764774790314412
train,66073,0,choroidal neovascularization,-52.0477362696315,4.892255678016319
train,45670,0,choroidal neovascularization,-83.95802271848083,-19.242831108179928
train,22179,0,choroidal neovascularization,-2.2938414564744676,-55.841202979263954
train,16104,0,choroidal neovascularization,-108.1988009473999,24.91680142303216
train,73964,0,choroidal neovascularization,19.8345384429644,22.864593850079252
train,9188,0,choroidal neovascularization,12.351816257885503,-15.603165141588299
train,80659,0,choroidal neovascularization,16.116627271510424,20.10268698112946
train,53465,0,choroidal neovascularization,-28.990050902865278,-58.83483380622386
train,69774,0,choroidal neovascularization,35.12534955383512,-16.034684510814778
train,12719,0,choroidal neovascularization,-91.9185899699367,-21.554543967376603
train,48911,0,choroidal neovascularization,-111.34468327249249,-106.52738357878829
train,94267,0,choroidal neovascularization,6.622613279879857,49.41947842563635
train,54175,0,choroidal neovascularization,24.691563253310335,-5.445446668109447
train,43403,0,choroidal neovascularization,-26.5715279872052,23.49543013361224
train,50217,0,choroidal neovascularization,16.93602378890165,49.03749377435505
train,55166,0,choroidal neovascularization,-5.622921884021537,1.256268500456308
train,32327,0,choroidal neovascularization,-66.60789808024836,-71.4485881746022
train,7485,0,choroidal neovascularization,16.3146090595543,-14.847719153983348
train,63730,0,choroidal neovascularization,45.59705311685161,-15.32634689730294
train,44023,0,choroidal neovascularization,-54.7832517654566,-60.9169391192998
train,46001,0,choroidal neovascularization,-83.70075031024334,34.89187393739994
train,72573,0,choroidal neovascularization,-42.84733098446371,-39.2944365803366
train,18975,0,choroidal neovascularization,-107.26318399772421,-37.774490649765404
train,65388,0,choroidal neovascularization,-11.179229946119136,27.142205756583444
train,12523,0,choroidal neovascularization,-131.3486976860021,10.39778970332015
train,42408,0,choroidal neovascularization,-4.4599841271518414,-11.310692028061993
train,51432,0,choroidal neovascularization,102.71741193828927,-2.7429470371693725
train,8430,0,choroidal neovascularization,-109.36543670009885,36.88050093993417
train,75275,0,choroidal neovascularization,-55.79346361173717,-37.73139632056216
train,88230,0,choroidal neovascularization,0.6998015310949199,-48.67775812043104
train,90223,0,choroidal neovascularization,125.12370366422206,-37.200190567630116
train,36278,0,choroidal neovascularization,31.875920490649378,-31.577116565653515
train,39360,0,choroidal neovascularization,-40.810710290122415,36.34224401319617
train,27099,0,choroidal neovascularization,-31.116435481025903,-11.527017228440087
train,74011,0,choroidal neovascularization,-35.119121851567655,-11.051202896435228
train,66991,0,choroidal neovascularization,5.861482419032598,-17.68950281860578
train,76103,0,choroidal neovascularization,-52.974914941569864,11.079831212541286
train,6239,0,choroidal neovascularization,-87.49783645664729,-9.26289867610707
train,35896,0,choroidal neovascularization,-76.64320704456345,62.45326790674273
train,34714,0,choroidal neovascularization,-15.028857732492867,30.617457157469083
train,6640,0,choroidal neovascularization,-64.10897951121284,-22.994091485787248
train,8734,0,choroidal neovascularization,-66.89551823066748,-11.910244965828639
train,43641,0,choroidal neovascularization,58.177905786294815,-19.350598197725663
train,94885,0,choroidal neovascularization,41.111481434922354,-13.43228634625276
train,75875,0,choroidal neovascularization,-74.47318514115352,8.982094855983057
train,19616,0,choroidal neovascularization,-88.27361813801855,15.373027854687088
train,61693,0,choroidal neovascularization,9.9213915556318,-18.2254839966481
train,68242,0,choroidal neovascularization,-50.315736509685834,18.68856447991285
train,76535,0,choroidal neovascularization,-97.06731454684798,-50.13728239030847
train,81802,0,choroidal neovascularization,-101.16482772545223,-30.663046517967103
train,77677,0,choroidal neovascularization,-11.530129853554001,-25.25422941636626
train,62761,0,choroidal neovascularization,9.508096226208039,-62.77893412108104
train,15020,0,choroidal neovascularization,13.542876738525052,1.640523613861241
train,18462,0,choroidal neovascularization,-60.146560037973785,-22.486168025463183
train,44048,0,choroidal neovascularization,-71.39264429640569,8.863585797825579
train,66618,0,choroidal neovascularization,62.26102419598561,-0.7727327643053812
train,4253,0,choroidal neovascularization,-76.63471403385758,-83.19322539237399
train,17725,0,choroidal neovascularization,24.90090438049802,-7.716815150914215
train,67901,0,choroidal neovascularization,-15.350979410667776,-79.6174357600316
train,35625,0,choroidal neovascularization,-33.46136141840488,27.726903379059245
train,86988,0,choroidal neovascularization,-80.2767204908986,56.980670567015274
train,40283,0,choroidal neovascularization,-2.3353461192766645,77.60330590016883
train,71610,0,choroidal neovascularization,10.624745189963448,62.98483051415274
train,86477,0,choroidal neovascularization,-111.18275222270802,21.34151491907364
train,46640,0,choroidal neovascularization,11.592343479552284,12.463628566081816
train,42304,1,diabetic macular edema,27.772333903895685,1.7717952606712473
train,39345,1,diabetic macular edema,27.933162362949645,-65.79783891396242
train,11498,1,diabetic macular edema,-52.782903973072834,-69.95027607455178
train,93358,1,diabetic macular edema,-108.26765933589199,-25.16154414205393
train,16552,1,diabetic macular edema,-22.026423329838565,3.8473538555602076
train,48161,1,diabetic macular edema,-86.44576478111313,90.49038509671215
train,29775,1,diabetic macular edema,37.87593843072008,-22.877733360290467
train,35445,1,diabetic macular edema,-22.18925803513727,-2.6545004829731624
train,44640,1,diabetic macular edema,-55.44258065880575,-50.21617322629251
train,8556,1,diabetic macular edema,-50.499084096076075,4.536330544615929
train,37183,1,diabetic macular edema,71.42178499506886,-54.99776224669429
train,78719,1,diabetic macular edema,-1.5740564347819372,13.673313006522712
train,33400,1,diabetic macular edema,-115.26573066751767,-40.87817995115473
train,73973,1,diabetic macular edema,57.86045656652297,-2.634660931094153
train,43428,1,diabetic macular edema,-38.611786571277364,-73.8695345288171
train,43745,1,diabetic macular edema,-23.464619522176903,0.623833685858159
train,15090,1,diabetic macular edema,-19.07791594804388,11.856181167269163
train,48094,1,diabetic macular edema,-110.24209513236946,45.230291252201205
train,12403,1,diabetic macular edema,-36.05527474292745,14.929096076994064
train,75744,1,diabetic macular edema,-13.770174368108087,48.084934749552765
train,35833,1,diabetic macular edema,-34.835841916648775,86.0667334090713
train,7809,1,diabetic macular edema,52.03527105427483,-58.808905669640325
train,87293,1,diabetic macular edema,-38.78797232456738,-73.57049245952213
train,30352,1,diabetic macular edema,-70.16405825986945,6.302931585540065
train,74741,1,diabetic macular edema,-47.06219239157144,4.569072505750711
train,16579,1,diabetic macular edema,-6.032237094409794,-28.149389206090014
train,48138,1,diabetic macular edema,-51.35078457458974,19.461764696008352
train,9457,1,diabetic macular edema,-18.529881222304823,-19.181062134482993
train,69770,1,diabetic macular edema,-27.243466015057606,-52.15851682302659
train,94096,1,diabetic macular edema,-20.79951631456902,10.689007889538537
train,45008,1,diabetic macular edema,13.577921125702488,-25.336708849640445
train,33706,1,diabetic macular edema,-114.2963085890506,-50.31636376494447
train,40450,1,diabetic macular edema,-2.3249346064350505,55.31353620529398
train,30552,1,diabetic macular edema,-55.63059272811758,9.52278662817394
train,67396,1,diabetic macular edema,-26.24438136841418,45.69748980664772
train,27038,1,diabetic macular edema,9.501229758164811,-27.4455347507319
train,67419,1,diabetic macular edema,-104.58742864676807,27.023418622277454
train,64708,1,diabetic macular edema,-55.31470964050388,-37.13748048813089
train,87772,1,diabetic macular edema,-28.81452282809755,-30.508294872689774
train,39581,1,diabetic macular edema,-111.47091743541765,-66.16260256832751
train,53237,1,diabetic macular edema,-93.14496060534138,31.979656183537294
train,61090,1,diabetic macular edema,38.19088648106123,69.53337371232692
train,48595,1,diabetic macular edema,-17.932206713084412,-37.528632627681034
train,70350,1,diabetic macular edema,-17.180443306655064,15.576973535245408
train,17687,1,diabetic macular edema,-3.7606930901052067,-56.25998998487456
train,68016,1,diabetic macular edema,7.523090138837119,-24.05033279447013
train,70245,1,diabetic macular edema,-101.16473276390624,-8.217270142534744
train,96339,1,diabetic macular edema,-40.12820831788025,10.751298815371655
train,70068,1,diabetic macular edema,-36.690027140218376,6.452022587344018
train,45290,1,diabetic macular edema,80.23462124996254,-37.58544751388908
train,76768,1,diabetic macular edema,-33.52590633829601,-70.55749323783985
train,16082,1,diabetic macular edema,38.060632439861536,38.14713110772181
train,48275,1,diabetic macular edema,-32.943297097313106,-78.49326199034047
train,66245,1,diabetic macular edema,-75.2078863855546,-72.03453061005206
train,44024,1,diabetic macular edema,146.94883122343256,-25.49162286724587
train,25933,1,diabetic macular edema,-81.6239488848573,-67.17504304445904
train,69556,1,diabetic macular edema,-115.30890103646699,-3.277658272193108
train,68607,1,diabetic macular edema,-101.49398341130153,-9.813753074182685
train,26380,1,diabetic macular edema,-68.09714149280286,-32.035883372763635
train,93094,1,diabetic macular edema,-96.49668102265602,16.245636586841307
train,2323,1,diabetic macular edema,-88.80096034171827,30.338449214099022
train,1984,1,diabetic macular edema,-85.9447607176161,-53.393085957586
train,20264,1,diabetic macular edema,7.919440165593727,16.840907954249523
train,32910,1,diabetic macular edema,-118.54198289154814,-20.33422888400615
train,88140,1,diabetic macular edema,-86.61626256958012,-12.220643293381514
train,90694,1,diabetic macular edema,-61.624642100300846,-16.74576586607079
train,56600,1,diabetic macular edema,-16.122886401673952,-7.6069528798627175
train,58799,1,diabetic macular edema,-11.232427313332693,-16.29466789614819
train,8735,1,diabetic macular edema,-30.684555561208867,-28.10610158406794
train,64252,1,diabetic macular edema,-85.3440130891279,6.614910814085384
train,83756,1,diabetic macular edema,-73.47072694379602,-46.365426626382316
train,23630,1,diabetic macular edema,-18.92871200721524,-84.4479846264575
train,71724,1,diabetic macular edema,-144.76930603674205,-31.351614241074316
train,78770,1,diabetic macular edema,-22.979005094292432,-58.68374809177391
train,74290,1,diabetic macular edema,-41.73574018804102,72.4968273144008
train,26230,1,diabetic macular edema,-6.168798438875058,-21.254417483976813
train,31600,1,diabetic macular edema,-116.18852832309787,-57.794450311636304
train,44710,1,diabetic macular edema,-119.70150219275101,-58.47159962492473
train,10233,1,diabetic macular edema,54.65067428645199,5.313725492149409
train,75615,1,diabetic macular edema,-68.64742020518644,-41.974351349871554
train,4711,2,drusen,31.81846318004048,-42.82774939821351
train,3983,2,drusen,26.85455615963801,80.90457429002956
train,50710,2,drusen,-77.8392986055633,-9.98151786882422
train,44548,2,drusen,70.9180034851351,-9.823047977782323
train,39245,2,drusen,40.052528409288385,54.03509826457293
train,86400,2,drusen,-2.2904639691041666,56.06464119060218
train,25445,2,drusen,45.62533766840957,22.387115703055663
train,35935,2,drusen,17.461678175721744,11.413107190411829
train,95970,2,drusen,104.7328499875851,-12.784289022666051
train,17291,2,drusen,-35.87740726092696,68.10087025661622
train,2466,2,drusen,69.74234294689202,-6.955040212179924
train,97007,2,drusen,-48.274424172471186,-14.592080358694737
train,9217,2,drusen,-69.73018286174486,-16.921102231760322
train,24831,2,drusen,-18.176046922888588,-50.97421506925665
train,94251,2,drusen,-62.19624451719817,-32.553902947422635
train,86613,2,drusen,47.69618102270215,-40.775103445879
train,81237,2,drusen,14.48007996221051,63.246678130077065
train,19566,2,drusen,73.85352428379275,44.04955962909079
train,30801,2,drusen,33.06438843527056,43.2685988969643
train,43375,2,drusen,3.339796085421,-41.5344296355757
train,35429,2,drusen,-23.746441248871747,-39.539383306230924
train,86155,2,drusen,-103.13430114859693,14.885207668182979
train,49159,2,drusen,-15.47304854034303,25.543611268066194
train,29874,2,drusen,182.70189682677946,21.980611094163997
train,7004,2,drusen,31.972208056718983,-19.55024843255788
train,51908,2,drusen,-11.62260965065019,23.813189114859718
train,57865,2,drusen,73.59984567762405,-4.135487358643914
train,87718,2,drusen,140.8368145314066,-51.64664619911545
train,92189,2,drusen,-29.092624175409,64.83279989755886
train,8862,2,drusen,-110.56962208216486,49.700178387337026
train,71923,2,drusen,44.53160974824908,47.29628245750262
train,32414,2,drusen,12.733176806240692,36.86060718976011
train,92169,2,drusen,12.975294256109606,32.64526097502691
train,11213,2,drusen,-63.99790756349621,53.3395699701997
train,70432,2,drusen,-69.2718231097041,-102.64002786287256
train,49605,2,drusen,-90.3921638213607,38.3944342977268
train,11731,2,drusen,-34.73791660373293,46.321057501745535
train,35376,2,drusen,40.698565682403284,-10.484410226498149
train,3576,2,drusen,-44.28339606681435,65.51948342791886
train,10281,2,drusen,-3.9890815377164017,19.12000903651481
train,14415,2,drusen,33.141388675140746,35.46631633957731
train,28300,2,drusen,-34.65293329682335,-8.415244978480665
train,75105,2,drusen,-61.532065723397935,-2.404675670447702
train,30577,2,drusen,-8.343585711352574,-48.56396777786608
train,88503,2,drusen,80.77753536405538,-6.129092152417314
train,96168,2,drusen,-3.74544141131895,-8.854176776038699
train,28874,2,drusen,13.549400798573316,67.1214736832782
train,58739,2,drusen,21.513690254219085,-79.82295545577918
train,41089,2,drusen,239.88641798629337,-8.102408453976153
train,90974,2,drusen,-30.21885227882069,-27.970196889461157
train,72848,2,drusen,106.12093029231346,8.76534596152409
train,21645,2,drusen,100.79989295695444,-20.739309084602162
train,86774,2,drusen,3.7032718007775998,-22.59631735257682
train,18999,2,drusen,-92.19643229320185,-22.680201054225815
train,14700,2,drusen,-8.124993280247395,-5.647950736873668
train,743,2,drusen,53.44266347480635,40.75474522089248
train,86409,2,drusen,-69.93655370861512,5.386663274870621
train,64089,2,drusen,21.082186514609162,1.1608836482129448
train,90557,2,drusen,71.528746948572,21.576922191360758
train,78282,2,drusen,-81.54925464074634,73.49413653127516
train,22347,2,drusen,15.282365237121837,-37.57294407890083
train,36558,2,drusen,65.17444997487618,3.27417989766802
train,82331,2,drusen,73.87555342645095,52.021313057129426
train,74340,2,drusen,-1.2177599206227967,-33.04925741058153
train,22868,2,drusen,100.28741887082055,-20.07792220436437
train,93169,2,drusen,120.14838262554937,45.51815781656199
train,80538,2,drusen,-37.97672030665939,7.77985997861493
train,52720,2,drusen,-28.032503377410137,-2.115270348983678
train,90496,2,drusen,-22.586357346990468,24.80686330459205
train,23457,2,drusen,-43.04539999553755,-33.199966101202605
train,13444,2,drusen,-15.338183140434353,59.45845018207617
train,15631,2,drusen,2.351809984353679,34.16752389667996
train,17271,2,drusen,20.01679082551624,30.07826459024529
train,94103,2,drusen,227.6112584721274,-28.437036906910713
train,72899,2,drusen,-29.875471395740135,-8.896508983126388
train,4722,2,drusen,-9.364876934964997,-70.73433241826918
train,72833,2,drusen,29.074063199096912,-1.152844664187981
train,85344,2,drusen,11.976913740561116,-57.215163603688225
train,59456,2,drusen,60.22445528606232,-45.692932504746096
train,60861,2,drusen,149.20019844123087,-5.757033272598953
train,22473,3,normal,-24.7604427411749,82.39614985029974
train,30850,3,normal,-48.21831370482225,91.88678479807317
train,49115,3,normal,43.73739718474798,-12.965084530217055
train,77422,3,normal,23.46224826565421,47.6222886876484
train,72568,3,normal,67.52276698324366,6.412378684921364
train,66340,3,normal,-18.39081769581685,-110.240614830824
train,57925,3,normal,108.18093688481781,-42.06196916670586
train,74437,3,normal,147.55614802529036,9.669187554315641
train,18651,3,normal,4.874837772519413,-1.268486665205046
train,23979,3,normal,41.89543288581683,-43.33867433740635
train,95951,3,normal,66.09713089832087,108.54183985487407
train,14950,3,normal,9.089446079885363,-24.210941020802313
train,84354,3,normal,1.9531264797828385,78.78658670710018
train,22885,3,normal,39.13178344682612,-79.48844533825888
train,85777,3,normal,-22.579262679279523,-23.57719164281103
train,71628,3,normal,-21.099172968020298,-41.87141534443859
train,45034,3,normal,56.05818485305005,-7.146176563333974
train,58371,3,normal,49.61150756086087,-39.330109853820375
train,64557,3,normal,30.451086665185755,76.80340792020658
train,36302,3,normal,105.6508210084034,-31.521350675913336
train,16058,3,normal,-81.97123871972093,40.24936439100464
train,84359,3,normal,-32.76211151869322,-40.7561637698562
train,51701,3,normal,95.14590717388526,-18.950754231025343
train,32334,3,normal,105.47561306625474,38.332789438099574
train,11623,3,normal,55.14753331252936,19.689384884339184
train,59053,3,normal,-13.724414267957826,38.55782866547769
train,38316,3,normal,131.44350005697734,11.126245374746233
train,15164,3,normal,-18.941456405310902,60.91569696337668
train,13998,3,normal,40.359365222400015,-63.52469116578288
train,73311,3,normal,62.77266927686614,-23.7413671714592
train,5109,3,normal,58.15416937046521,11.501677788954268
train,41765,3,normal,74.29628272347637,21.13875397290088
train,18891,3,normal,52.72489273838724,-6.602876502164051
train,89936,3,normal,118.22237172370038,-41.427427367974865
train,93683,3,normal,39.64067477945105,-0.5602591287590641
train,44142,3,normal,24.167199538936302,23.89812238826932
train,41413,3,normal,123.7323209658447,15.147158006060842
train,80820,3,normal,101.19210058806678,-45.530036534561134
train,63458,3,normal,36.84640723145881,55.53447184080721
train,44347,3,normal,31.187198816702477,23.9759119878997
train,52636,3,normal,-6.201662021365735,22.180174396530184
train,96888,3,normal,-63.37149492980802,14.03290953926453
train,78140,3,normal,-17.407985549463575,-21.80412657596792
train,34727,3,normal,116.05063456306723,0.38228951980502757
train,51657,3,normal,12.500111453519366,38.76837154450022
train,89139,3,normal,159.6380035031875,-6.074350820331205
train,93399,3,normal,-29.598366660617828,63.4259816578197
train,6373,3,normal,88.45247782998212,-2.805001278888369
train,30780,3,normal,-25.9155927229573,3.615990966861851
train,80574,3,normal,-50.465087499253585,-51.208044868315106
train,81715,3,normal,11.538393451984433,-54.258258016431625
train,30008,3,normal,40.33036915689263,-56.71578389113972
train,90199,3,normal,221.97737533766664,2.441720065138881
train,10643,3,normal,150.48344359117502,29.360003259027316
train,11265,3,normal,46.920604869697456,46.473861456189375
train,80184,3,normal,131.01460791778285,-26.387787720503056
train,56274,3,normal,82.98240350891703,35.25672662154697
train,24242,3,normal,-70.19258705256026,18.014247232190662
train,89721,3,normal,145.9488015889925,-20.357903447829706
train,25972,3,normal,50.55025885580838,-57.14229337255233
train,27504,3,normal,115.95435912139757,-56.99101985760451
train,11097,3,normal,-3.775716708111162,12.417321061578463
train,1714,3,normal,55.70618520352423,19.340494927290344
train,80578,3,normal,85.51691201460977,-9.434778994578842
train,40140,3,normal,-56.68707998137488,32.60867105267976
train,26525,3,normal,3.2141699472700793,27.80088978162791
train,69031,3,normal,111.88569241284623,-38.96748662086871
train,10260,3,normal,-91.17540076931806,17.52613861688429
train,14233,3,normal,18.45297279697735,-36.71223350620718
train,50199,3,normal,24.717022605187424,45.940038560407
train,58764,3,normal,-43.7419190424381,56.22922941635931
train,28002,3,normal,-47.63085509948067,-87.37468386251547
train,5330,3,normal,-32.741935773255065,-91.50891044784524
train,90856,3,normal,-26.669462309710497,30.71143924134858
train,79409,3,normal,132.36167171142367,21.195325491796503
train,27801,3,normal,8.800943170311655,-78.84245676617385
train,46275,3,normal,55.51332979227456,54.858377458427306
train,16973,3,normal,6.438132382245271,59.5582782667012
train,2028,3,normal,-40.70023861174843,26.02585837405497
train,57657,3,normal,162.62716193122967,40.46028608473356
val,2232,0,choroidal neovascularization,52.674562986348604,-43.661109150036935
val,8695,0,choroidal neovascularization,-39.05547912436403,-43.79243221370429
val,9249,0,choroidal neovascularization,-7.358645640951494,-41.33843788003486
val,5980,0,choroidal neovascularization,-42.88340268143412,-26.732552679059005
val,10234,0,choroidal neovascularization,21.27770932452765,0.48147552334127397
val,3556,0,choroidal neovascularization,-77.11827452351714,47.465828690653275
val,9209,0,choroidal neovascularization,-71.41359233648194,-37.85232603728287
val,8308,0,choroidal neovascularization,63.546888781538684,-32.502438267090426
val,5025,0,choroidal neovascularization,-23.812055752037935,-16.947382929098225
val,9878,0,choroidal neovascularization,-55.342682280077355,-27.04864974060161
val,5332,0,choroidal neovascularization,-9.190377874917175,25.45550063288389
val,5236,0,choroidal neovascularization,-100.14162304589095,9.633556633606617
val,5771,0,choroidal neovascularization,45.44397345525786,17.655030133482306
val,2585,0,choroidal neovascularization,27.418554956698387,89.2489226169046
val,5784,0,choroidal neovascularization,-73.2955801795903,3.489784434224184
val,8553,0,choroidal neovascularization,-46.15958135899136,54.13664065149852
val,7253,0,choroidal neovascularization,-34.240028566170054,-63.70035811491614
val,3212,0,choroidal neovascularization,89.15822476631186,-28.13639309023236
val,10373,0,choroidal neovascularization,64.92358990147969,-4.3775279730138195
val,7077,0,choroidal neovascularization,-4.946406437186084,-29.654369275256393
val,10229,1,diabetic macular edema,3.0643445119346495,38.41779672368157
val,10112,1,diabetic macular edema,-56.553152887345746,-35.65922288006439
val,8408,1,diabetic macular edema,-43.99514264606606,45.5812170417473
val,1811,1,diabetic macular edema,-62.607778975536206,71.13684340689792
val,1587,1,diabetic macular edema,-21.557138852673503,32.150084329510996
val,4488,1,diabetic macular edema,-34.33383165037135,84.8053516637093
val,5820,1,diabetic macular edema,13.74982958982784,3.0355317626179996
val,10041,1,diabetic macular edema,87.08862142734134,-8.039697042486168
val,8587,1,diabetic macular edema,4.779704599374611,-12.048659060883956
val,983,1,diabetic macular edema,-115.74614757746227,-23.266460432755615
val,10758,1,diabetic macular edema,-75.38833174109446,-22.72837015326181
val,6461,1,diabetic macular edema,-63.79061913979267,-25.55270650467262
val,919,1,diabetic macular edema,-95.43799096778028,7.165602209637818
val,10312,1,diabetic macular edema,166.77697314919968,-9.431646258600352
val,10340,1,diabetic macular edema,155.35234861314856,-63.6393937609447
val,6317,1,diabetic macular edema,-77.20175252842543,57.707547145315125
val,7717,1,diabetic macular edema,-99.2616912829572,-22.002913543269088
val,8609,1,diabetic macular edema,-20.615289843930512,-61.0174888192325
val,4916,1,diabetic macular edema,12.19914890219195,-7.807990669767854
val,7729,1,diabetic macular edema,27.043479102665003,-20.795735642221146
val,7924,2,drusen,-10.35412573540492,-23.17315972463
val,1529,2,drusen,-96.0351750590994,14.437419766932827
val,9972,2,drusen,37.19462792104929,-5.16061542187137
val,8916,2,drusen,92.77157897354601,-37.95731496473731
val,9682,2,drusen,49.56803450569964,6.093877104096769
val,8459,2,drusen,-86.34773252514469,-33.34153330479235
val,8411,2,drusen,124.21558590436493,50.61470870234046
val,8401,2,drusen,-65.87615196260947,35.94885714921323
val,5444,2,drusen,-44.35820364516064,-52.96999532686311
val,5456,2,drusen,0.02811123464289267,-5.326928741260048
val,5689,2,drusen,4.307704520142835,16.429878773458974
val,9901,2,drusen,43.795298539582205,-6.678845164724542
val,1272,2,drusen,-99.94522756454117,10.958287396305053
val,7167,2,drusen,175.66982523992297,7.209181305535175
val,4800,2,drusen,71.80672723356224,4.394318161677454
val,1238,2,drusen,-93.75000329067501,39.936830842498885
val,6429,2,drusen,48.25222103694179,3.194539244518502
val,895,2,drusen,77.71842276060917,-9.02459394035575
val,7859,2,drusen,-3.1610202925933777,-17.054805930203187
val,2648,2,drusen,-36.72516577343045,-34.475792642656884
val,10258,3,normal,24.767026599866313,-13.573143275572484
val,1354,3,normal,38.21105922839888,31.162977811246357
val,7942,3,normal,-44.62955244760127,85.12780746978777
val,7869,3,normal,-28.549810178924886,32.689128525767124
val,4646,3,normal,-27.211119148072314,71.23253698325172
val,8454,3,normal,135.99933738175096,-9.328318727772654
val,10100,3,normal,19.73719879151477,-15.26880343271548
val,5911,3,normal,144.156419976987,30.645299036071812
val,49,3,normal,155.6277962987974,-9.603560593089654
val,10116,3,normal,11.335149632554078,-69.4553083117128
val,1467,3,normal,19.393285298223475,-54.56446176327358
val,10681,3,normal,145.61881773417016,-1.620905449447669
val,6592,3,normal,118.7382202217822,-0.36281779228387734
val,3865,3,normal,-8.475441875271713,75.85102338971532
val,4074,3,normal,-0.17926017046346487,65.96203361529177
val,5922,3,normal,29.860069824444764,78.70825343483077
val,1854,3,normal,-8.134012999368196,-67.87438141444011
val,7011,3,normal,35.48596668535697,-30.557993547659173
val,4016,3,normal,200.8847606951214,20.109302189468146
val,5091,3,normal,54.76867044642435,-25.08551484875368
test,8,0,choroidal neovascularization,28.430317403253667,-26.605704389182776
test,269,0,choroidal neovascularization,-12.936813862310743,31.669519337147726
test,847,0,choroidal neovascularization,-61.81756546213711,68.81224424000541
test,426,0,choroidal neovascularization,-84.11744252378605,-68.60019397293837
test,538,0,choroidal neovascularization,-80.18696796472064,-28.08389374386244
test,292,0,choroidal neovascularization,-22.739656392174624,29.19022904697311
test,429,0,choroidal neovascularization,-83.37265243567941,31.923217179969548
test,302,0,choroidal neovascularization,23.55829491000756,3.6894999536662496
test,391,0,choroidal neovascularization,-111.13908386190342,-9.3600692529414
test,893,0,choroidal neovascularization,-64.31999421282684,-5.674036756083474
test,975,0,choroidal neovascularization,-102.9251672279998,57.50536951330101
test,874,0,choroidal neovascularization,-77.12533763205565,75.13219378883488
test,989,0,choroidal neovascularization,-46.40520707547462,25.19929502565993
test,38,0,choroidal neovascularization,-45.76574055501163,4.639845219127771
test,669,0,choroidal neovascularization,-26.089883324629042,-17.166908123661806
test,506,0,choroidal neovascularization,3.4614130835385026,-28.735752082621236
test,767,0,choroidal neovascularization,56.47249505044232,-8.71836122742615
test,879,0,choroidal neovascularization,12.45903185359657,-6.8079231187819005
test,722,0,choroidal neovascularization,-53.00363540831806,-17.701936258443567
test,999,0,choroidal neovascularization,55.096951636341345,-17.905820534166807
test,766,0,choroidal neovascularization,-65.52327097663309,14.820117397988305
test,649,0,choroidal neovascularization,-33.53891253116734,-26.205917972602606
test,798,0,choroidal neovascularization,111.57272484377606,-16.852321060610244
test,116,0,choroidal neovascularization,-94.94540195333317,-4.2560909540622305
test,402,0,choroidal neovascularization,-84.92166366531518,52.68670463350731
test,52,1,diabetic macular edema,124.1953992832309,-30.45326606126423
test,636,1,diabetic macular edema,16.717111981185383,-23.33392903932899
test,11,1,diabetic macular edema,8.035754887985973,16.270470330972323
test,48,1,diabetic macular edema,-45.05248430252003,45.36009659331574
test,265,1,diabetic macular edema,-45.832131931957406,22.442592516352043
test,831,1,diabetic macular edema,-13.590521576547843,-37.775981149478554
test,143,1,diabetic macular edema,-28.403593772219608,-21.652290900605863
test,809,1,diabetic macular edema,-97.5189943244157,24.912367869654084
test,959,1,diabetic macular edema,-65.15866653079331,28.400972853985216
test,802,1,diabetic macular edema,-61.45700425925756,2.6382709178309085
test,111,1,diabetic macular edema,25.55191237415039,46.44150439324411
test,232,1,diabetic macular edema,-0.41404433445831046,-58.95337187453447
test,768,1,diabetic macular edema,76.04774310695785,23.689978680792457
test,992,1,diabetic macular edema,11.488748467161258,-9.9786130808453
test,238,1,diabetic macular edema,-110.33952209102222,-39.53149150814323
test,543,1,diabetic macular edema,30.13527882618095,-11.654618237352217
test,922,1,diabetic macular edema,29.666014991719067,-15.415694693776182
test,779,1,diabetic macular edema,24.810403463548596,9.629199599152344
test,40,1,diabetic macular edema,137.66599041037537,-1.8362873704844347
test,925,1,diabetic macular edema,14.088801973733638,12.001656748285342
test,928,1,diabetic macular edema,-32.66989916438311,73.12968401983252
test,573,1,diabetic macular edema,-0.9433923883263731,-34.22356427154723
test,756,1,diabetic macular edema,-2.651207789255494,-3.1477811472844692
test,688,1,diabetic macular edema,-66.08613981491682,67.99485262136241
test,978,1,diabetic macular edema,112.00769025178496,-13.700871115222675
test,663,2,drusen,4.631596636445522,54.94936138977524
test,598,2,drusen,72.74876007022277,38.95011691915425
test,193,2,drusen,44.55776079961012,18.22584667811079
test,85,2,drusen,33.83878490227485,15.951697615352764
test,965,2,drusen,15.448810596164634,-12.554450680679068
test,771,2,drusen,12.706971782639414,-43.439935810243405
test,712,2,drusen,15.47821789670823,-49.80644524809733
test,415,2,drusen,-60.04432140397451,51.555194628979784
test,381,2,drusen,22.624483618775116,-15.896760168870514
test,613,2,drusen,-64.7834357433294,27.234501213703062
test,475,2,drusen,88.79009700177537,42.07637873760053
test,178,2,drusen,-50.07695490101463,48.020631439688536
test,709,2,drusen,-29.026908289313525,23.412081287118987
test,56,2,drusen,32.979787077001276,-7.243015859552315
test,456,2,drusen,58.588037456471795,-20.601760558332593
test,904,2,drusen,-58.73126169281987,-9.531061789536999
test,482,2,drusen,40.68793039128229,4.688721420960256
test,66,2,drusen,62.14563584653476,84.01622530829917
test,5,2,drusen,-8.820959305885196,-18.481219150575896
test,168,2,drusen,163.9192861067243,19.43539814483365
test,991,2,drusen,31.672295782459315,23.41961050852023
test,586,2,drusen,39.17822436938829,10.177444240931045
test,349,2,drusen,9.993852673363449,42.785646369494664
test,862,2,drusen,8.294175453263193,16.541824165938273
test,41,2,drusen,-36.01270404310843,32.6478067160518
test,716,3,normal,-29.50546827232128,33.15597744353729
test,397,3,normal,127.24024044056276,4.756952904232705
test,318,3,normal,-23.75756537238638,-23.747088947810035
test,436,3,normal,21.569342265408494,1.3493450580885238
test,242,3,normal,24.11707662774984,-3.4047697842396474
test,97,3,normal,45.428056928900276,23.87655508230936
test,285,3,normal,-10.077087727661194,-7.786438758947547
test,581,3,normal,-62.13191302121426,44.72758503149753
test,880,3,normal,18.382901995558626,35.5255779048882
test,606,3,normal,7.031708838010701,-40.343304064350875
test,987,3,normal,-26.049621180608327,30.386891006432585
test,163,3,normal,42.508878976643786,50.186288264859975
test,609,3,normal,-50.08882201997302,44.694597037081174
test,811,3,normal,-60.78946701757684,9.39536870052602
test,371,3,normal,-79.13571268347992,26.573789390927978
test,378,3,normal,-13.84665889498163,-9.002390999143444
test,131,3,normal,74.78410957468549,47.2053048014318
test,892,3,normal,-31.988633112231412,37.17076936500755
test,122,3,normal,112.83803560627965,29.3500930583835
test,452,3,normal,-43.90018392443453,8.226412564299785
test,948,3,normal,66.49327016831674,69.96386395438486
test,115,3,normal,97.33785119103317,-7.244433266270413
test,572,3,normal,-59.204070372384294,93.62135866660017
test,400,3,normal,-74.72458659144542,14.002406966307028
test,990,3,normal,161.22153655079595,44.24126049331398
