split,source_index,class_id,class_name,file
train,83655,0,choroidal neovascularization,selected/images/train/0_cnv/000_source_83655.png
train,83607,0,choroidal neovascularization,selected/images/train/0_cnv/001_source_83607.png
train,48719,0,choroidal neovascularization,selected/images/train/0_cnv/002_source_48719.png
train,73798,0,choroidal neovascularization,selected/images/train/0_cnv/003_source_73798.png
train,94541,0,choroidal neovascularization,selected/images/train/0_cnv/004_source_94541.png
train,53328,0,choroidal neovascularization,selected/images/train/0_cnv/005_source_53328.png
train,72440,0,choroidal neovascularization,selected/images/train/0_cnv/006_source_72440.png
train,36289,0,choroidal neovascularization,selected/images/train/0_cnv/007_source_36289.png
train,80199,0,choroidal neovascularization,selected/images/train/0_cnv/008_source_80199.png
train,89947,0,choroidal neovascularization,selected/images/train/0_cnv/009_source_89947.png
train,31924,0,choroidal neovascularization,selected/images/train/0_cnv/010_source_31924.png
train,9002,0,choroidal neovascularization,selected/images/train/0_cnv/011_source_09002.png
train,42938,0,choroidal neovascularization,selected/images/train/0_cnv/012_source_42938.png
train,45322,0,choroidal neovascularization,selected/images/train/0_cnv/013_source_45322.png
train,97473,0,choroidal neovascularization,selected/images/train/0_cnv/014_source_97473.png
train,66073,0,choroidal neovascularization,selected/images/train/0_cnv/015_source_66073.png
train,45670,0,choroidal neovascularization,selected/images/train/0_cnv/016_source_45670.png
train,22179,0,choroidal neovascularization,selected/images/train/0_cnv/017_source_22179.png
train,16104,0,choroidal neovascularization,selected/images/train/0_cnv/018_source_16104.png
train,73964,0,choroidal neovascularization,selected/images/train/0_cnv/019_source_73964.png
train,9188,0,choroidal neovascularization,selected/images/train/0_cnv/020_source_09188.png
train,80659,0,choroidal neovascularization,selected/images/train/0_cnv/021_source_80659.png
train,53465,0,choroidal neovascularization,selected/images/train/0_cnv/022_source_53465.png
train,69774,0,choroidal neovascularization,selected/images/train/0_cnv/023_source_69774.png
train,12719,0,choroidal neovascularization,selected/images/train/0_cnv/024_source_12719.png
train,48911,0,choroidal neovascularization,selected/images/train/0_cnv/025_source_48911.png
train,94267,0,choroidal neovascularization,selected/images/train/0_cnv/026_source_94267.png
train,54175,0,choroidal neovascularization,selected/images/train/0_cnv/027_source_54175.png
train,43403,0,choroidal neovascularization,selected/images/train/0_cnv/028_source_43403.png
train,50217,0,choroidal neovascularization,selected/images/train/0_cnv/029_source_50217.png
train,55166,0,choroidal neovascularization,selected/images/train/0_cnv/030_source_55166.png
train,32327,0,choroidal neovascularization,selected/images/train/0_cnv/031_source_32327.png
train,7485,0,choroidal neovascularization,selected/images/train/0_cnv/032_source_07485.png
train,63730,0,choroidal neovascularization,selected/images/train/0_cnv/033_source_63730.png
train,44023,0,choroidal neovascularization,selected/images/train/0_cnv/034_source_44023.png
train,46001,0,choroidal neovascularization,selected/images/train/0_cnv/035_source_46001.png
train,72573,0,choroidal neovascularization,selected/images/train/0_cnv/036_source_72573.png
train,18975,0,choroidal neovascularization,selected/images/train/0_cnv/037_source_18975.png
train,65388,0,choroidal neovascularization,selected/images/train/0_cnv/038_source_65388.png
train,12523,0,choroidal neovascularization,selected/images/train/0_cnv/039_source_12523.png
train,42408,0,choroidal neovascularization,selected/images/train/0_cnv/040_source_42408.png
train,51432,0,choroidal neovascularization,selected/images/train/0_cnv/041_source_51432.png
train,8430,0,choroidal neovascularization,selected/images/train/0_cnv/042_source_08430.png
train,75275,0,choroidal neovascularization,selected/images/train/0_cnv/043_source_75275.png
train,88230,0,choroidal neovascularization,selected/images/train/0_cnv/044_source_88230.png
train,90223,0,choroidal neovascularization,selected/images/train/0_cnv/045_source_90223.png
train,36278,0,choroidal neovascularization,selected/images/train/0_cnv/046_source_36278.png
train,39360,0,choroidal neovascularization,selected/images/train/0_cnv/047_source_39360.png
train,27099,0,choroidal neovascularization,selected/images/train/0_cnv/048_source_27099.png
train,74011,0,choroidal neovascularization,selected/images/train/0_cnv/049_source_74011.png
train,66991,0,choroidal neovascularization,selected/images/train/0_cnv/050_source_66991.png
train,76103,0,choroidal neovascularization,selected/images/train/0_cnv/051_source_76103.png
train,6239,0,choroidal neovascularization,selected/images/train/0_cnv/052_source_06239.png
train,35896,0,choroidal neovascularization,selected/images/train/0_cnv/053_source_35896.png
train,34714,0,choroidal neovascularization,selected/images/train/0_cnv/054_source_34714.png
train,6640,0,choroidal neovascularization,selected/images/train/0_cnv/055_source_06640.png
train,8734,0,choroidal neovascularization,selected/images/train/0_cnv/056_source_08734.png
train,43641,0,choroidal neovascularization,selected/images/train/0_cnv/057_source_43641.png
train,94885,0,choroidal neovascularization,selected/images/train/0_cnv/058_source_94885.png
train,75875,0,choroidal neovascularization,selected/images/train/0_cnv/059_source_75875.png
train,19616,0,choroidal neovascularization,selected/images/train/0_cnv/060_source_19616.png
train,61693,0,choroidal neovascularization,selected/images/train/0_cnv/061_source_61693.png
train,68242,0,choroidal neovascularization,selected/images/train/0_cnv/062_source_68242.png
train,76535,0,choroidal neovascularization,selected/images/train/0_cnv/063_source_76535.png
train,81802,0,choroidal neovascularization,selected/images/train/0_cnv/064_source_81802.png
train,77677,0,choroidal neovascularization,selected/images/train/0_cnv/065_source_77677.png
train,62761,0,choroidal neovascularization,selected/images/train/0_cnv/066_source_62761.png
train,15020,0,choroidal neovascularization,selected/images/train/0_cnv/067_source_15020.png
train,18462,0,choroidal neovascularization,selected/images/train/0_cnv/068_source_18462.png
train,44048,0,choroidal neovascularization,selected/images/train/0_cnv/069_source_44048.png
train,66618,0,choroidal neovascularization,selected/images/train/0_cnv/070_source_66618.png
train,4253,0,choroidal neovascularization,selected/images/train/0_cnv/071_source_04253.png
train,17725,0,choroidal neovascularization,selected/images/train/0_cnv/072_source_17725.png
train,67901,0,choroidal neovascularization,selected/images/train/0_cnv/073_source_67901.png
train,35625,0,choroidal neovascularization,selected/images/train/0_cnv/074_source_35625.png
train,86988,0,choroidal neovascularization,selected/images/train/0_cnv/075_source_86988.png
train,40283,0,choroidal neovascularization,selected/images/train/0_cnv/076_source_40283.png
train,71610,0,choroidal neovascularization,selected/images/train/0_cnv/077_source_71610.png
train,86477,0,choroidal neovascularization,selected/images/train/0_cnv/078_source_86477.png
train,46640,0,choroidal neovascularization,selected/images/train/0_cnv/079_source_46640.png
train,42304,1,diabetic macular edema,selected/images/train/1_dme/000_source_42304.png
train,39345,1,diabetic macular edema,selected/images/train/1_dme/001_source_39345.png
train,11498,1,diabetic macular edema,selected/images/train/1_dme/002_source_11498.png
train,93358,1,diabetic macular edema,selected/images/train/1_dme/003_source_93358.png
train,16552,1,diabetic macular edema,selected/images/train/1_dme/004_source_16552.png
train,48161,1,diabetic macular edema,selected/images/train/1_dme/005_source_48161.png
train,29775,1,diabetic macular edema,selected/images/train/1_dme/006_source_29775.png
train,35445,1,diabetic macular edema,selected/images/train/1_dme/007_source_35445.png
train,44640,1,diabetic macular edema,selected/images/train/1_dme/008_source_44640.png
train,8556,1,diabetic macular edema,selected/images/train/1_dme/009_source_08556.png
train,37183,1,diabetic macular edema,selected/images/train/1_dme/010_source_37183.png
train,78719,1,diabetic macular edema,selected/images/train/1_dme/011_source_78719.png
train,33400,1,diabetic macular edema,selected/images/train/1_dme/012_source_33400.png
train,73973,1,diabetic macular edema,selected/images/train/1_dme/013_source_73973.png
train,43428,1,diabetic macular edema,selected/images/train/1_dme/014_source_43428.png
train,43745,1,diabetic macular edema,selected/images/train/1_dme/015_source_43745.png
train,15090,1,diabetic macular edema,selected/images/train/1_dme/016_source_15090.png
train,48094,1,diabetic macular edema,selected/images/train/1_dme/017_source_48094.png
train,12403,1,diabetic macular edema,selected/images/train/1_dme/018_source_12403.png
train,75744,1,diabetic macular edema,selected/images/train/1_dme/019_source_75744.png
train,35833,1,diabetic macular edema,selected/images/train/1_dme/020_source_35833.png
train,7809,1,diabetic macular edema,selected/images/train/1_dme/021_source_07809.png
train,87293,1,diabetic macular edema,selected/images/train/1_dme/022_source_87293.png
train,30352,1,diabetic macular edema,selected/images/train/1_dme/023_source_30352.png
train,74741,1,diabetic macular edema,selected/images/train/1_dme/024_source_74741.png
train,16579,1,diabetic macular edema,selected/images/train/1_dme/025_source_16579.png
train,48138,1,diabetic macular edema,selected/images/train/1_dme/026_source_48138.png
train,9457,1,diabetic macular edema,selected/images/train/1_dme/027_source_09457.png
train,69770,1,diabetic macular edema,selected/images/train/1_dme/028_source_69770.png
train,94096,1,diabetic macular edema,selected/images/train/1_dme/029_source_94096.png
train,45008,1,diabetic macular edema,selected/images/train/1_dme/030_source_45008.png
train,33706,1,diabetic macular edema,selected/images/train/1_dme/031_source_33706.png
train,40450,1,diabetic macular edema,selected/images/train/1_dme/032_source_40450.png
train,30552,1,diabetic macular edema,selected/images/train/1_dme/033_source_30552.png
train,67396,1,diabetic macular edema,selected/images/train/1_dme/034_source_67396.png
train,27038,1,diabetic macular edema,selected/images/train/1_dme/035_source_27038.png
train,67419,1,diabetic macular edema,selected/images/train/1_dme/036_source_67419.png
train,64708,1,diabetic macular edema,selected/images/train/1_dme/037_source_64708.png
train,87772,1,diabetic macular edema,selected/images/train/1_dme/038_source_87772.png
train,39581,1,diabetic macular edema,selected/images/train/1_dme/039_source_39581.png
train,53237,1,diabetic macular edema,selected/images/train/1_dme/040_source_53237.png
train,61090,1,diabetic macular edema,selected/images/train/1_dme/041_source_61090.png
train,48595,1,diabetic macular edema,selected/images/train/1_dme/042_source_48595.png
train,70350,1,diabetic macular edema,selected/images/train/1_dme/043_source_70350.png
train,17687,1,diabetic macular edema,selected/images/train/1_dme/044_source_17687.png
train,68016,1,diabetic macular edema,selected/images/train/1_dme/045_source_68016.png
train,70245,1,diabetic macular edema,selected/images/train/1_dme/046_source_70245.png
train,96339,1,diabetic macular edema,selected/images/train/1_dme/047_source_96339.png
train,70068,1,diabetic macular edema,selected/images/train/1_dme/048_source_70068.png
train,45290,1,diabetic macular edema,selected/images/train/1_dme/049_source_45290.png
train,76768,1,diabetic macular edema,selected/images/train/1_dme/050_source_76768.png
train,16082,1,diabetic macular edema,selected/images/train/1_dme/051_source_16082.png
train,48275,1,diabetic macular edema,selected/images/train/1_dme/052_source_48275.png
train,66245,1,diabetic macular edema,selected/images/train/1_dme/053_source_66245.png
train,44024,1,diabetic macular edema,selected/images/train/1_dme/054_source_44024.png
train,25933,1,diabetic macular edema,selected/images/train/1_dme/055_source_25933.png
train,69556,1,diabetic macular edema,selected/images/train/1_dme/056_source_69556.png
train,68607,1,diabetic macular edema,selected/images/train/1_dme/057_source_68607.png
train,26380,1,diabetic macular edema,selected/images/train/1_dme/058_source_26380.png
train,93094,1,diabetic macular edema,selected/images/train/1_dme/059_source_93094.png
train,2323,1,diabetic macular edema,selected/images/train/1_dme/060_source_02323.png
train,1984,1,diabetic macular edema,selected/images/train/1_dme/061_source_01984.png
train,20264,1,diabetic macular edema,selected/images/train/1_dme/062_source_20264.png
train,32910,1,diabetic macular edema,selected/images/train/1_dme/063_source_32910.png
train,88140,1,diabetic macular edema,selected/images/train/1_dme/064_source_88140.png
train,90694,1,diabetic macular edema,selected/images/train/1_dme/065_source_90694.png
train,56600,1,diabetic macular edema,selected/images/train/1_dme/066_source_56600.png
train,58799,1,diabetic macular edema,selected/images/train/1_dme/067_source_58799.png
train,8735,1,diabetic macular edema,selected/images/train/1_dme/068_source_08735.png
train,64252,1,diabetic macular edema,selected/images/train/1_dme/069_source_64252.png
train,83756,1,diabetic macular edema,selected/images/train/1_dme/070_source_83756.png
train,23630,1,diabetic macular edema,selected/images/train/1_dme/071_source_23630.png
train,71724,1,diabetic macular edema,selected/images/train/1_dme/072_source_71724.png
train,78770,1,diabetic macular edema,selected/images/train/1_dme/073_source_78770.png
train,74290,1,diabetic macular edema,selected/images/train/1_dme/074_source_74290.png
train,26230,1,diabetic macular edema,selected/images/train/1_dme/075_source_26230.png
train,31600,1,diabetic macular edema,selected/images/train/1_dme/076_source_31600.png
train,44710,1,diabetic macular edema,selected/images/train/1_dme/077_source_44710.png
train,10233,1,diabetic macular edema,selected/images/train/1_dme/078_source_10233.png
train,75615,1,diabetic macular edema,selected/images/train/1_dme/079_source_75615.png
train,4711,2,drusen,selected/images/train/2_drusen/000_source_04711.png
train,3983,2,drusen,selected/images/train/2_drusen/001_source_03983.png
train,50710,2,drusen,selected/images/train/2_drusen/002_source_50710.png
train,44548,2,drusen,selected/images/train/2_drusen/003_source_44548.png
train,39245,2,drusen,selected/images/train/2_drusen/004_source_39245.png
train,86400,2,drusen,selected/images/train/2_drusen/005_source_86400.png
train,25445,2,drusen,selected/images/train/2_drusen/006_source_25445.png
train,35935,2,drusen,selected/images/train/2_drusen/007_source_35935.png
train,95970,2,drusen,selected/images/train/2_drusen/008_source_95970.png
train,17291,2,drusen,selected/images/train/2_drusen/009_source_17291.png
train,2466,2,drusen,selected/images/train/2_drusen/010_source_02466.png
train,97007,2,drusen,selected/images/train/2_drusen/011_source_97007.png
train,9217,2,drusen,selected/images/train/2_drusen/012_source_09217.png
train,24831,2,drusen,selected/images/train/2_drusen/013_source_24831.png
train,94251,2,drusen,selected/images/train/2_drusen/014_source_94251.png
train,86613,2,drusen,selected/images/train/2_drusen/015_source_86613.png
train,81237,2,drusen,selected/images/train/2_drusen/016_source_81237.png
train,19566,2,drusen,selected/images/train/2_drusen/017_source_19566.png
train,30801,2,drusen,selected/images/train/2_drusen/018_source_30801.png
train,43375,2,drusen,selected/images/train/2_drusen/019_source_43375.png
train,35429,2,drusen,selected/images/train/2_drusen/020_source_35429.png
train,86155,2,drusen,selected/images/train/2_drusen/021_source_86155.png
train,49159,2,drusen,selected/images/train/2_drusen/022_source_49159.png
train,29874,2,drusen,selected/images/train/2_drusen/023_source_29874.png
train,7004,2,drusen,selected/images/train/2_drusen/024_source_07004.png
train,51908,2,drusen,selected/images/train/2_drusen/025_source_51908.png
train,57865,2,drusen,selected/images/train/2_drusen/026_source_57865.png
train,87718,2,drusen,selected/images/train/2_drusen/027_source_87718.png
train,92189,2,drusen,selected/images/train/2_drusen/028_source_92189.png
train,8862,2,drusen,selected/images/train/2_drusen/029_source_08862.png
train,71923,2,drusen,selected/images/train/2_drusen/030_source_71923.png
train,32414,2,drusen,selected/images/train/2_drusen/031_source_32414.png
train,92169,2,drusen,selected/images/train/2_drusen/032_source_92169.png
train,11213,2,drusen,selected/images/train/2_drusen/033_source_11213.png
train,70432,2,drusen,selected/images/train/2_drusen/034_source_70432.png
train,49605,2,drusen,selected/images/train/2_drusen/035_source_49605.png
train,11731,2,drusen,selected/images/train/2_drusen/036_source_11731.png
train,35376,2,drusen,selected/images/train/2_drusen/037_source_35376.png
train,3576,2,drusen,selected/images/train/2_drusen/038_source_03576.png
train,10281,2,drusen,selected/images/train/2_drusen/039_source_10281.png
train,14415,2,drusen,selected/images/train/2_drusen/040_source_14415.png
train,28300,2,drusen,selected/images/train/2_drusen/041_source_28300.png
train,75105,2,drusen,selected/images/train/2_drusen/042_source_75105.png
train,30577,2,drusen,selected/images/train/2_drusen/043_source_30577.png
train,88503,2,drusen,selected/images/train/2_drusen/044_source_88503.png
train,96168,2,drusen,selected/images/train/2_drusen/045_source_96168.png
train,28874,2,drusen,selected/images/train/2_drusen/046_source_28874.png
train,58739,2,drusen,selected/images/train/2_drusen/047_source_58739.png
train,41089,2,drusen,selected/images/train/2_drusen/048_source_41089.png
train,90974,2,drusen,selected/images/train/2_drusen/049_source_90974.png
train,72848,2,drusen,selected/images/train/2_drusen/050_source_72848.png
train,21645,2,drusen,selected/images/train/2_drusen/051_source_21645.png
train,86774,2,drusen,selected/images/train/2_drusen/052_source_86774.png
train,18999,2,drusen,selected/images/train/2_drusen/053_source_18999.png
train,14700,2,drusen,selected/images/train/2_drusen/054_source_14700.png
train,743,2,drusen,selected/images/train/2_drusen/055_source_00743.png
train,86409,2,drusen,selected/images/train/2_drusen/056_source_86409.png
train,64089,2,drusen,selected/images/train/2_drusen/057_source_64089.png
train,90557,2,drusen,selected/images/train/2_drusen/058_source_90557.png
train,78282,2,drusen,selected/images/train/2_drusen/059_source_78282.png
train,22347,2,drusen,selected/images/train/2_drusen/060_source_22347.png
train,36558,2,drusen,selected/images/train/2_drusen/061_source_36558.png
train,82331,2,drusen,selected/images/train/2_drusen/062_source_82331.png
train,74340,2,drusen,selected/images/train/2_drusen/063_source_74340.png
train,22868,2,drusen,selected/images/train/2_drusen/064_source_22868.png
train,93169,2,drusen,selected/images/train/2_drusen/065_source_93169.png
train,80538,2,drusen,selected/images/train/2_drusen/066_source_80538.png
train,52720,2,drusen,selected/images/train/2_drusen/067_source_52720.png
train,90496,2,drusen,selected/images/train/2_drusen/068_source_90496.png
train,23457,2,drusen,selected/images/train/2_drusen/069_source_23457.png
train,13444,2,drusen,selected/images/train/2_drusen/070_source_13444.png
train,15631,2,drusen,selected/images/train/2_drusen/071_source_15631.png
train,17271,2,drusen,selected/images/train/2_drusen/072_source_17271.png
train,94103,2,drusen,selected/images/train/2_drusen/073_source_94103.png
train,72899,2,drusen,selected/images/train/2_drusen/074_source_72899.png
train,4722,2,drusen,selected/images/train/2_drusen/075_source_04722.png
train,72833,2,drusen,selected/images/train/2_drusen/076_source_72833.png
train,85344,2,drusen,selected/images/train/2_drusen/077_source_85344.png
train,59456,2,drusen,selected/images/train/2_drusen/078_source_59456.png
train,60861,2,drusen,selected/images/train/2_drusen/079_source_60861.png
train,22473,3,normal,selected/images/train/3_normal/000_source_22473.png
train,30850,3,normal,selected/images/train/3_normal/001_source_30850.png
train,49115,3,normal,selected/images/train/3_normal/002_source_49115.png
train,77422,3,normal,selected/images/train/3_normal/003_source_77422.png
train,72568,3,normal,selected/images/train/3_normal/004_source_72568.png
train,66340,3,normal,selected/images/train/3_normal/005_source_66340.png
train,57925,3,normal,selected/images/train/3_normal/006_source_57925.png
train,74437,3,normal,selected/images/train/3_normal/007_source_74437.png
train,18651,3,normal,selected/images/train/3_normal/008_source_18651.png
train,23979,3,normal,selected/images/train/3_normal/009_source_23979.png
train,95951,3,normal,selected/images/train/3_normal/010_source_95951.png
train,14950,3,normal,selected/images/train/3_normal/011_source_14950.png
train,84354,3,normal,selected/images/train/3_normal/012_source_84354.png
train,22885,3,normal,selected/images/train/3_normal/013_source_22885.png
train,85777,3,normal,selected/images/train/3_normal/014_source_85777.png
train,71628,3,normal,selected/images/train/3_normal/015_source_71628.png
train,45034,3,normal,selected/images/train/3_normal/016_source_45034.png
train,58371,3,normal,selected/images/train/3_normal/017_source_58371.png
train,64557,3,normal,selected/images/train/3_normal/018_source_64557.png
train,36302,3,normal,selected/images/train/3_normal/019_source_36302.png
train,16058,3,normal,selected/images/train/3_normal/020_source_16058.png
train,84359,3,normal,selected/images/train/3_normal/021_source_84359.png
train,51701,3,normal,selected/images/train/3_normal/022_source_51701.png
train,32334,3,normal,selected/images/train/3_normal/023_source_32334.png
train,11623,3,normal,selected/images/train/3_normal/024_source_11623.png
train,59053,3,normal,selected/images/train/3_normal/025_source_59053.png
train,38316,3,normal,selected/images/train/3_normal/026_source_38316.png
train,15164,3,normal,selected/images/train/3_normal/027_source_15164.png
train,13998,3,normal,selected/images/train/3_normal/028_source_13998.png
train,73311,3,normal,selected/images/train/3_normal/029_source_73311.png
train,5109,3,normal,selected/images/train/3_normal/030_source_05109.png
train,41765,3,normal,selected/images/train/3_normal/031_source_41765.png
train,18891,3,normal,selected/images/train/3_normal/032_source_18891.png
train,89936,3,normal,selected/images/train/3_normal/033_source_89936.png
train,93683,3,normal,selected/images/train/3_normal/034_source_93683.png
train,44142,3,normal,selected/images/train/3_normal/035_source_44142.png
train,41413,3,normal,selected/images/train/3_normal/036_source_41413.png
train,80820,3,normal,selected/images/train/3_normal/037_source_80820.png
train,63458,3,normal,selected/images/train/3_normal/038_source_63458.png
train,44347,3,normal,selected/images/train/3_normal/039_source_44347.png
train,52636,3,normal,selected/images/train/3_normal/040_source_52636.png
train,96888,3,normal,selected/images/train/3_normal/041_source_96888.png
train,78140,3,normal,selected/images/train/3_normal/042_source_78140.png
train,34727,3,normal,selected/images/train/3_normal/043_source_34727.png
train,51657,3,normal,selected/images/train/3_normal/044_source_51657.png
train,89139,3,normal,selected/images/train/3_normal/045_source_89139.png
train,93399,3,normal,selected/images/train/3_normal/046_source_93399.png
train,6373,3,normal,selected/images/train/3_normal/047_source_06373.png
train,30780,3,normal,selected/images/train/3_normal/048_source_30780.png
train,80574,3,normal,selected/images/train/3_normal/049_source_80574.png
train,81715,3,normal,selected/images/train/3_normal/050_source_81715.png
train,30008,3,normal,selected/images/train/3_normal/051_source_30008.png
train,90199,3,normal,selected/images/train/3_normal/052_source_90199.png
train,10643,3,normal,selected/images/train/3_normal/053_source_10643.png
train,11265,3,normal,selected/images/train/3_normal/054_source_11265.png
train,80184,3,normal,selected/images/train/3_normal/055_source_80184.png
train,56274,3,normal,selected/images/train/3_normal/056_source_56274.png
train,24242,3,normal,selected/images/train/3_normal/057_source_24242.png
train,89721,3,normal,selected/images/train/3_normal/058_source_89721.png
train,25972,3,normal,selected/images/train/3_normal/059_source_25972.png
train,27504,3,normal,selected/images/train/3_normal/060_source_27504.png
train,11097,3,normal,selected/images/train/3_normal/061_source_11097.png
train,1714,3,normal,selected/images/train/3_normal/062_source_01714.png
train,80578,3,normal,selected/images/train/3_normal/063_source_80578.png
train,40140,3,normal,selected/images/train/3_normal/064_source_40140.png
train,26525,3,normal,selected/images/train/3_normal/065_source_26525.png
train,69031,3,normal,selected/images/train/3_normal/066_source_69031.png
train,10260,3,normal,selected/images/train/3_normal/067_source_10260.png
train,14233,3,normal,selected/images/train/3_normal/068_source_14233.png
train,50199,3,normal,selected/images/train/3_normal/069_source_50199.png
train,58764,3,normal,selected/images/train/3_normal/070_source_58764.png
train,28002,3,normal,selected/images/train/3_normal/071_source_28002.png
train,5330,3,normal,selected/images/train/3_normal/072_source_05330.png
train,90856,3,normal,selected/images/train/3_normal/073_source_90856.png
train,79409,3,normal,selected/images/train/3_normal/074_source_79409.png
train,27801,3,normal,selected/images/train/3_normal/075_source_27801.png
train,46275,3,normal,selected/images/train/3_normal/076_source_46275.png
train,16973,3,normal,selected/images/train/3_normal/077_source_16973.png
train,2028,3,normal,selected/images/train/3_normal/078_source_02028.png
train,57657,3,normal,selected/images/train/3_normal/079_source_57657.png
val,2232,0,choroidal neovascularization,selected/images/val/0_cnv/000_source_02232.png
val,8695,0,choroidal neovascularization,selected/images/val/0_cnv/001_source_08695.png
val,9249,0,choroidal neovascularization,selected/images/val/0_cnv/002_source_09249.png
val,5980,0,choroidal neovascularization,selected/images/val/0_cnv/003_source_05980.png
val,10234,0,choroidal neovascularization,selected/images/val/0_cnv/004_source_10234.png
val,3556,0,choroidal neovascularization,selected/images/val/0_cnv/005_source_03556.png
val,9209,0,choroidal neovascularization,selected/images/val/0_cnv/006_source_09209.png
val,8308,0,choroidal neovascularization,selected/images/val/0_cnv/007_source_08308.png
val,5025,0,choroidal neovascularization,selected/images/val/0_cnv/008_source_05025.png
val,9878,0,choroidal neovascularization,selected/images/val/0_cnv/009_source_09878.png
val,5332,0,choroidal neovascularization,selected/images/val/0_cnv/010_source_05332.png
val,5236,0,choroidal neovascularization,selected/images/val/0_cnv/011_source_05236.png
val,5771,0,choroidal neovascularization,selected/images/val/0_cnv/012_source_05771.png
val,2585,0,choroidal neovascularization,selected/images/val/0_cnv/013_source_02585.png
val,5784,0,choroidal neovascularization,selected/images/val/0_cnv/014_source_05784.png
val,8553,0,choroidal neovascularization,selected/images/val/0_cnv/015_source_08553.png
val,7253,0,choroidal neovascularization,selected/images/val/0_cnv/016_source_07253.png
val,3212,0,choroidal neovascularization,selected/images/val/0_cnv/017_source_03212.png
val,10373,0,choroidal neovascularization,selected/images/val/0_cnv/018_source_10373.png
val,7077,0,choroidal neovascularization,selected/images/val/0_cnv/019_source_07077.png
val,10229,1,diabetic macular edema,selected/images/val/1_dme/000_source_10229.png
val,10112,1,diabetic macular edema,selected/images/val/1_dme/001_source_10112.png
val,8408,1,diabetic macular edema,selected/images/val/1_dme/002_source_08408.png
val,1811,1,diabetic macular edema,selected/images/val/1_dme/003_source_01811.png
val,1587,1,diabetic macular edema,selected/images/val/1_dme/004_source_01587.png
val,4488,1,diabetic macular edema,selected/images/val/1_dme/005_source_04488.png
val,5820,1,diabetic macular edema,selected/images/val/1_dme/006_source_05820.png
val,10041,1,diabetic macular edema,selected/images/val/1_dme/007_source_10041.png
val,8587,1,diabetic macular edema,selected/images/val/1_dme/008_source_08587.png
val,983,1,diabetic macular edema,selected/images/val/1_dme/009_source_00983.png
val,10758,1,diabetic macular edema,selected/images/val/1_dme/010_source_10758.png
val,6461,1,diabetic macular edema,selected/images/val/1_dme/011_source_06461.png
val,919,1,diabetic macular edema,selected/images/val/1_dme/012_source_00919.png
val,10312,1,diabetic macular edema,selected/images/val/1_dme/013_source_10312.png
val,10340,1,diabetic macular edema,selected/images/val/1_dme/014_source_10340.png
val,6317,1,diabetic macular edema,selected/images/val/1_dme/015_source_06317.png
val,7717,1,diabetic macular edema,selected/images/val/1_dme/016_source_07717.png
val,8609,1,diabetic macular edema,selected/images/val/1_dme/017_source_08609.png
val,4916,1,diabetic macular edema,selected/images/val/1_dme/018_source_04916.png
val,7729,1,diabetic macular edema,selected/images/val/1_dme/019_source_07729.png
val,7924,2,drusen,selected/images/val/2_drusen/000_source_07924.png
val,1529,2,drusen,selected/images/val/2_drusen/001_source_01529.png
val,9972,2,drusen,selected/images/val/2_drusen/002_source_09972.png
val,8916,2,drusen,selected/images/val/2_drusen/003_source_08916.png
val,9682,2,drusen,selected/images/val/2_drusen/004_source_09682.png
val,8459,2,drusen,selected/images/val/2_drusen/005_source_08459.png
val,8411,2,drusen,selected/images/val/2_drusen/006_source_08411.png
val,8401,2,drusen,selected/images/val/2_drusen/007_source_08401.png
val,5444,2,drusen,selected/images/val/2_drusen/008_source_05444.png
val,5456,2,drusen,selected/images/val/2_drusen/009_source_05456.png
val,5689,2,drusen,selected/images/val/2_drusen/010_source_05689.png
val,9901,2,drusen,selected/images/val/2_drusen/011_source_09901.png
val,1272,2,drusen,selected/images/val/2_drusen/012_source_01272.png
val,7167,2,drusen,selected/images/val/2_drusen/013_source_07167.png
val,4800,2,drusen,selected/images/val/2_drusen/014_source_04800.png
val,1238,2,drusen,selected/images/val/2_drusen/015_source_01238.png
val,6429,2,drusen,selected/images/val/2_drusen/016_source_06429.png
val,895,2,drusen,selected/images/val/2_drusen/017_source_00895.png
val,7859,2,drusen,selected/images/val/2_drusen/018_source_07859.png
val,2648,2,drusen,selected/images/val/2_drusen/019_source_02648.png
val,10258,3,normal,selected/images/val/3_normal/000_source_10258.png
val,1354,3,normal,selected/images/val/3_normal/001_source_01354.png
val,7942,3,normal,selected/images/val/3_normal/002_source_07942.png
val,7869,3,normal,selected/images/val/3_normal/003_source_07869.png
val,4646,3,normal,selected/images/val/3_normal/004_source_04646.png
val,8454,3,normal,selected/images/val/3_normal/005_source_08454.png
val,10100,3,normal,selected/images/val/3_normal/006_source_10100.png
val,5911,3,normal,selected/images/val/3_normal/007_source_05911.png
val,49,3,normal,selected/images/val/3_normal/008_source_00049.png
val,10116,3,normal,selected/images/val/3_normal/009_source_10116.png
val,1467,3,normal,selected/images/val/3_normal/010_source_01467.png
val,10681,3,normal,selected/images/val/3_normal/011_source_10681.png
val,6592,3,normal,selected/images/val/3_normal/012_source_06592.png
val,3865,3,normal,selected/images/val/3_normal/013_source_03865.png
val,4074,3,normal,selected/images/val/3_normal/014_source_04074.png
val,5922,3,normal,selected/images/val/3_normal/015_source_05922.png
val,1854,3,normal,selected/images/val/3_normal/016_source_01854.png
val,7011,3,normal,selected/images/val/3_normal/017_source_07011.png
val,4016,3,normal,selected/images/val/3_normal/018_source_04016.png
val,5091,3,normal,selected/images/val/3_normal/019_source_05091.png
test,8,0,choroidal neovascularization,selected/images/test/0_cnv/000_source_00008.png
test,269,0,choroidal neovascularization,selected/images/test/0_cnv/001_source_00269.png
test,847,0,choroidal neovascularization,selected/images/test/0_cnv/002_source_00847.png
test,426,0,choroidal neovascularization,selected/images/test/0_cnv/003_source_00426.png
test,538,0,choroidal neovascularization,selected/images/test/0_cnv/004_source_00538.png
test,292,0,choroidal neovascularization,selected/images/test/0_cnv/005_source_00292.png
test,429,0,choroidal neovascularization,selected/images/test/0_cnv/006_source_00429.png
test,302,0,choroidal neovascularization,selected/images/test/0_cnv/007_source_00302.png
test,391,0,choroidal neovascularization,selected/images/test/0_cnv/008_source_00391.png
test,893,0,choroidal neovascularization,selected/images/test/0_cnv/009_source_00893.png
test,975,0,choroidal neovascularization,selected/images/test/0_cnv/010_source_00975.png
test,874,0,choroidal neovascularization,selected/images/test/0_cnv/011_source_00874.png
test,989,0,choroidal neovascularization,selected/images/test/0_cnv/012_source_00989.png
test,38,0,choroidal neovascularization,selected/images/test/0_cnv/013_source_00038.png
test,669,0,choroidal neovascularization,selected/images/test/0_cnv/014_source_00669.png
test,506,0,choroidal neovascularization,selected/images/test/0_cnv/015_source_00506.png
test,767,0,choroidal neovascularization,selected/images/test/0_cnv/016_source_00767.png
test,879,0,choroidal neovascularization,selected/images/test/0_cnv/017_source_00879.png
test,722,0,choroidal neovascularization,selected/images/test/0_cnv/018_source_00722.png
test,999,0,choroidal neovascularization,selected/images/test/0_cnv/019_source_00999.png
test,766,0,choroidal neovascularization,selected/images/test/0_cnv/020_source_00766.png
test,649,0,choroidal neovascularization,selected/images/test/0_cnv/021_source_00649.png
test,798,0,choroidal neovascularization,selected/images/test/0_cnv/022_source_00798.png
test,116,0,choroidal neovascularization,selected/images/test/0_cnv/023_source_00116.png
test,402,0,choroidal neovascularization,selected/images/test/0_cnv/024_source_00402.png
test,52,1,diabetic macular edema,selected/images/test/1_dme/000_source_00052.png
test,636,1,diabetic macular edema,selected/images/test/1_dme/001_source_00636.png
test,11,1,diabetic macular edema,selected/images/test/1_dme/002_source_00011.png
test,48,1,diabetic macular edema,selected/images/test/1_dme/003_source_00048.png
test,265,1,diabetic macular edema,selected/images/test/1_dme/004_source_00265.png
test,831,1,diabetic macular edema,selected/images/test/1_dme/005_source_00831.png
test,143,1,diabetic macular edema,selected/images/test/1_dme/006_source_00143.png
test,809,1,diabetic macular edema,selected/images/test/1_dme/007_source_00809.png
test,959,1,diabetic macular edema,selected/images/test/1_dme/008_source_00959.png
test,802,1,diabetic macular edema,selected/images/test/1_dme/009_source_00802.png
test,111,1,diabetic macular edema,selected/images/test/1_dme/010_source_00111.png
test,232,1,diabetic macular edema,selected/images/test/1_dme/011_source_00232.png
test,768,1,diabetic macular edema,selected/images/test/1_dme/012_source_00768.png
test,992,1,diabetic macular edema,selected/images/test/1_dme/013_source_00992.png
test,238,1,diabetic macular edema,selected/images/test/1_dme/014_source_00238.png
test,543,1,diabetic macular edema,selected/images/test/1_dme/015_source_00543.png
test,922,1,diabetic macular edema,selected/images/test/1_dme/016_source_00922.png
test,779,1,diabetic macular edema,selected/images/test/1_dme/017_source_00779.png
test,40,1,diabetic macular edema,selected/images/test/1_dme/018_source_00040.png
test,925,1,diabetic macular edema,selected/images/test/1_dme/019_source_00925.png
test,928,1,diabetic macular edema,selected/images/test/1_dme/020_source_00928.png
test,573,1,diabetic macular edema,selected/images/test/1_dme/021_source_00573.png
test,756,1,diabetic macular edema,selected/images/test/1_dme/022_source_00756.png
test,688,1,diabetic macular edema,selected/images/test/1_dme/023_source_00688.png
test,978,1,diabetic macular edema,selected/images/test/1_dme/024_source_00978.png
test,663,2,drusen,selected/images/test/2_drusen/000_source_00663.png
test,598,2,drusen,selected/images/test/2_drusen/001_source_00598.png
test,193,2,drusen,selected/images/test/2_drusen/002_source_00193.png
test,85,2,drusen,selected/images/test/2_drusen/003_source_00085.png
test,965,2,drusen,selected/images/test/2_drusen/004_source_00965.png
test,771,2,drusen,selected/images/test/2_drusen/005_source_00771.png
test,712,2,drusen,selected/images/test/2_drusen/006_source_00712.png
test,415,2,drusen,selected/images/test/2_drusen/007_source_00415.png
test,381,2,drusen,selected/images/test/2_drusen/008_source_00381.png
test,613,2,drusen,selected/images/test/2_drusen/009_source_00613.png
test,475,2,drusen,selected/images/test/2_drusen/010_source_00475.png
test,178,2,drusen,selected/images/test/2_drusen/011_source_00178.png
test,709,2,drusen,selected/images/test/2_drusen/012_source_00709.png
test,56,2,drusen,selected/images/test/2_drusen/013_source_00056.png
test,456,2,drusen,selected/images/test/2_drusen/014_source_00456.png
test,904,2,drusen,selected/images/test/2_drusen/015_source_00904.png
test,482,2,drusen,selected/images/test/2_drusen/016_source_00482.png
test,66,2,drusen,selected/images/test/2_drusen/017_source_00066.png
test,5,2,drusen,selected/images/test/2_drusen/018_source_00005.png
test,168,2,drusen,selected/images/test/2_drusen/019_source_00168.png
test,991,2,drusen,selected/images/test/2_drusen/020_source_00991.png
test,586,2,drusen,selected/images/test/2_drusen/021_source_00586.png
test,349,2,drusen,selected/images/test/2_drusen/022_source_00349.png
test,862,2,drusen,selected/images/test/2_drusen/023_source_00862.png
test,41,2,drusen,selected/images/test/2_drusen/024_source_00041.png
test,716,3,normal,selected/images/test/3_normal/000_source_00716.png
test,397,3,normal,selected/images/test/3_normal/001_source_00397.png
test,318,3,normal,selected/images/test/3_normal/002_source_00318.png
test,436,3,normal,selected/images/test/3_normal/003_source_00436.png
test,242,3,normal,selected/images/test/3_normal/004_source_00242.png
test,97,3,normal,selected/images/test/3_normal/005_source_00097.png
test,285,3,normal,selected/images/test/3_normal/006_source_00285.png
test,581,3,normal,selected/images/test/3_normal/007_source_00581.png
test,880,3,normal,selected/images/test/3_normal/008_source_00880.png
test,606,3,normal,selected/images/test/3_normal/009_source_00606.png
test,987,3,normal,selected/images/test/3_normal/010_source_00987.png
test,163,3,normal,selected/images/test/3_normal/011_source_00163.png
test,609,3,normal,selected/images/test/3_normal/012_source_00609.png
test,811,3,normal,selected/images/test/3_normal/013_source_00811.png
test,371,3,normal,selected/images/test/3_normal/014_source_00371.png
test,378,3,normal,selected/images/test/3_normal/015_source_00378.png
test,131,3,normal,selected/images/test/3_normal/016_source_00131.png
test,892,3,normal,selected/images/test/3_normal/017_source_00892.png
test,122,3,normal,selected/images/test/3_normal/018_source_00122.png
test,452,3,normal,selected/images/test/3_normal/019_source_00452.png
test,948,3,normal,selected/images/test/3_normal/020_source_00948.png
test,115,3,normal,selected/images/test/3_normal/021_source_00115.png
test,572,3,normal,selected/images/test/3_normal/022_source_00572.png
test,400,3,normal,selected/images/test/3_normal/023_source_00400.png
test,990,3,normal,selected/images/test/3_normal/024_source_00990.png
